tow_id,sh,size,rwt_lb,mwt_lb,sex,weak,gonad,worm,mud
19010001,113,large,0.25573592,0.01984158,1,0,3,0,0
19010001,109,large,0.21825738,0.01543234,1,0,3,0,0
19010001,108,large,0.23589434,0.01543234,2,0,3,0,0
19010001,100,large,0.20282504,0.01322772,1,0,3,0,0
19010001,111,large,0.22266662,0.01763696,2,0,3,0,0
19010001,111,large,0.24471282,0.01763696,2,0,3,0,0
19010001,110,large,0.27778212,0.01984158,1,0,3,0,0
19010001,104,large,0.19621118,0.01322772,1,0,3,0,0
19010001,103,large,0.23368972,0.011023100000000001,1,0,3,0,0
19010001,115,large,0.2755775,0.01984158,1,0,3,0,0
19010001,98,small,NA,NA,1,0,3,0,0
19010001,94,small,NA,NA,1,0,3,0,0
19010001,98,small,NA,NA,1,0,3,0,0
19010001,65,small,NA,NA,1,0,3,0,0
19010001,97,small,NA,NA,2,0,3,0,0
19010001,56,small,NA,NA,0,0,0,0,0
19010001,43,small,NA,NA,0,0,0,0,0
19010001,48,small,NA,NA,0,0,0,0,0
19010001,38,small,NA,NA,0,0,0,0,0
19010001,22,small,NA,NA,0,0,0,0,0
19010002,104,large,0.2094389,0.01763696,2,0,3,0,0
19010002,113,large,0.27778212,0.01984158,1,0,3,0,0
19010002,120,large,0.24030358,0.022046200000000002,1,0,3,0,0
19010002,120,large,0.32407914,0.02425082,2,0,3,0,0
19010002,110,large,0.24912206,0.01763696,1,0,4,0,0
19010002,113,large,0.3086468,0.01984158,2,0,3,0,0
19010002,134,large,0.42328704,0.02866006,1,0,3,0,1
19010002,114,large,0.28219136,0.01984158,1,0,3,0,0
19010002,110,large,0.25794054,0.01763696,1,0,3,0,0
19010002,116,large,0.30423756,0.01984158,1,0,3,0,0
19010002,92,small,NA,NA,1,0,3,0,0
19010002,64,small,NA,NA,1,0,0,0,0
19010002,59,small,NA,NA,1,0,0,0,0
19010002,63,small,NA,NA,1,0,0,0,0
19010002,81,small,NA,NA,2,0,0,0,0
19010002,65,small,NA,NA,0,0,0,0,0
19010002,58,small,NA,NA,0,0,0,0,0
19010002,46,small,NA,NA,0,0,0,0,0
19010002,38,small,NA,NA,0,0,0,0,0
19010002,26,small,NA,NA,0,0,0,0,0
19010003,135,large,0.5070626,0.03527392,1,0,3,0,0
19010003,120,large,0.33289762,0.022046200000000002,1,0,3,0,0
19010003,130,large,0.38801312,0.0330693,2,0,3,1,1
19010003,129,large,0.46958406,0.03527392,1,0,3,1,0
19010003,122,large,0.37699002,0.022046200000000002,1,0,3,0,0
19010003,125,large,0.3968316,0.02866006,1,0,3,0,0
19010003,126,large,0.4078547,0.02645544,2,0,3,0,0
19010003,124,large,0.35273920000000003,0.02425082,2,1,3,0,0
19010003,111,large,0.25573592,0.01984158,2,0,3,0,0
19010003,111,large,0.25794054,0.01543234,2,0,3,0,0
19010003,81,small,NA,NA,1,0,3,0,0
19010003,94,small,NA,NA,2,0,3,0,0
19010003,31,small,NA,NA,0,0,0,0,0
19010003,29,small,NA,NA,0,0,0,0,0
19010003,25,small,NA,NA,0,0,0,0,0
19010003,24,small,NA,NA,0,0,0,0,0
19010003,27,small,NA,NA,0,0,0,0,0
19010003,28,small,NA,NA,0,0,0,0,0
19010003,27,small,NA,NA,0,0,0,0,0
19010004,136,large,0.48281178,0.02645544,2,0,3,1,0
19010004,112,large,0.23809896,0.01984158,1,1,3,0,0
19010004,107,large,0.24030358,0.01322772,1,1,3,0,0
19010004,106,large,0.19621118,0.011023100000000001,2,0,3,0,0
19010004,106,large,0.2425082,0.01763696,2,0,3,0,0
19010004,109,large,0.24030358,0.01763696,1,0,3,0,0
19010004,105,large,0.2314851,0.01543234,1,0,3,0,0
19010004,106,large,0.220462,0.01763696,1,0,3,0,0
19010004,105,large,0.18298346000000001,0.01322772,1,0,3,0,0
19010004,102,large,0.19180194,0.01322772,1,0,3,0,0
19010004,88,small,NA,NA,2,0,3,0,0
19010004,97,small,NA,NA,1,0,3,0,0
19010004,80,small,NA,NA,1,0,3,0,0
19010004,98,small,NA,NA,1,0,3,0,0
19010004,99,small,NA,NA,1,0,3,0,0
19010004,49,small,NA,NA,0,0,0,0,0
19010004,46,small,NA,NA,0,0,0,0,0
19010004,25,small,NA,NA,0,0,0,0,0
19010004,20,small,NA,NA,0,0,0,0,0
19010004,NA,small,NA,NA,1,0,3,0,0
19010005,148,large,0.61067974,0.03086468,1,1,3,0,0
19010005,139,large,0.49383488,0.03527392,2,0,3,0,0
19010005,129,large,0.47178868,0.03527392,2,0,3,0,1
19010005,133,large,0.42108242,0.02866006,2,1,3,0,0
19010005,137,large,0.51588108,0.0330693,2,0,3,0,0
19010005,138,large,0.4850164,0.03747854,2,0,3,1,0
19010005,129,large,0.3858085,0.03086468,2,0,3,0,0
19010005,121,large,0.34832996,0.01984158,1,0,3,0,0
19010005,123,large,0.36155768,0.02425082,1,0,3,0,0
19010005,104,large,0.24030358,0.01763696,1,0,3,0,0
19010005,88,small,NA,NA,1,0,3,0,0
19010005,60,small,NA,NA,0,0,0,0,0
19010005,35,small,NA,NA,0,0,0,0,0
19010005,28,small,NA,NA,0,0,0,0,0
19010005,27,small,NA,NA,0,0,0,0,0
19010005,30,small,NA,NA,0,0,0,0,0
19010005,24,small,NA,NA,0,0,0,0,0
19010005,25,small,NA,NA,0,0,0,0,0
19010005,22,small,NA,NA,0,0,0,0,0
19010005,20,small,NA,NA,0,0,0,0,0
19010006,131,large,0.44753786,0.03086468,2,0,3,1,0
19010006,126,large,0.4078547,0.02866006,1,0,3,0,0
19010006,130,large,0.39903622,0.02645544,2,0,3,1,0
19010006,137,large,0.48942564,0.044092400000000004,2,0,3,1,0
19010006,118,large,0.29321446,0.01984158,1,0,3,0,0
19010006,124,large,0.36817154,0.02645544,2,0,3,0,0
19010006,125,large,0.32187452,0.03086468,2,0,3,0,0
19010006,122,large,0.37699002,0.02425082,2,0,3,1,0
19010006,119,large,0.32848838,0.02425082,1,1,3,0,0
19010006,115,large,0.28439598,0.01984158,1,0,3,0,0
19010006,33,small,NA,NA,0,0,0,0,0
19010006,26,small,NA,NA,0,0,0,0,0
19010006,26,small,NA,NA,0,0,0,0,0
19010006,24,small,NA,NA,0,0,0,0,0
19010007,127,large,0.3417161,0.02645544,1,0,3,0,0
19010007,116,large,0.2976237,0.01984158,2,0,3,0,1
19010007,132,large,0.41446856,0.02425082,1,0,3,0,0
19010007,119,large,0.34832996,0.02425082,1,0,3,0,0
19010007,118,large,0.34392072,0.022046200000000002,1,0,3,0,0
19010007,117,large,0.28219136,0.01984158,1,0,3,0,0
19010007,123,large,0.34612534,0.01984158,1,0,3,0,0
19010007,118,large,0.33730686,0.02645544,1,0,3,0,0
19010007,119,large,0.35935306,0.01984158,2,0,3,0,0
19010007,115,large,0.32848838,0.02645544,2,1,3,0,0
19010007,66,small,NA,NA,1,0,3,0,0
19010007,56,small,NA,NA,0,0,0,0,0
19010007,33,small,NA,NA,0,0,0,0,0
19010007,26,small,NA,NA,0,0,0,0,0
19010007,29,small,NA,NA,0,0,0,0,0
19010007,22,small,NA,NA,0,0,0,0,0
19010009,114,large,0.2866006,0.022046200000000002,1,0,3,0,0
19010009,115,large,0.27998674,0.022046200000000002,1,0,3,0,0
19010009,114,large,0.26675902,0.022046200000000002,1,0,3,0,0
19010009,115,large,0.29100984,0.022046200000000002,2,1,3,0,0
19010009,106,large,0.24030358,0.01763696,2,0,3,0,0
19010009,98,large,0.17416498,0.01322772,2,0,3,0,2
19010009,110,large,0.27116826,0.01984158,2,0,3,0,0
19010009,102,large,0.20062042,0.01543234,2,0,3,0,0
19010009,104,large,0.20282504,0.01322772,2,1,3,0,0
19010009,104,large,0.21384814,0.01543234,2,0,3,0,0
19010009,94,small,NA,NA,1,0,3,0,0
19010009,94,small,NA,NA,1,0,3,0,0
19010009,99,small,NA,NA,2,0,3,0,0
19010009,99,small,NA,NA,2,0,3,0,0
19010009,96,small,NA,NA,2,0,3,0,0
19010009,63,small,NA,NA,1,0,0,0,0
19010009,49,small,NA,NA,1,0,0,0,0
19010009,57,small,NA,NA,1,0,0,0,0
19010009,52,small,NA,NA,1,0,0,0,0
19010009,74,small,NA,NA,1,0,0,0,0
19010010,139,large,0.51588108,0.03747854,2,0,3,0,0
19010010,144,large,0.58642892,0.04188778,1,0,3,0,0
19010010,137,large,0.56658734,0.0330693,1,0,3,1,1
19010010,123,large,0.38360388,0.02425082,2,0,3,0,0
19010010,135,large,0.48060716,0.03747854,1,0,3,0,0
19010010,131,large,0.47619792,0.03968316,2,0,3,0,0
19010010,126,large,0.38139926,0.03086468,1,0,3,0,0
19010010,123,large,0.4078547,0.02425082,2,0,3,0,0
19010010,122,large,0.35053458,0.02645544,1,0,3,0,0
19010010,134,large,0.46958406,0.02866006,1,0,3,0,1
19010010,35,small,NA,NA,0,0,0,0,0
19010010,35,small,NA,NA,0,0,0,0,0
19010010,32,small,NA,NA,0,0,0,0,0
19010010,29,small,NA,NA,0,0,0,0,0
19010010,28,small,NA,NA,0,0,0,0,0
19010010,26,small,NA,NA,0,0,0,0,0
19010010,26,small,NA,NA,0,0,0,0,0
19010010,24,small,NA,NA,0,0,0,0,0
19010011,144,large,0.57540582,0.0330693,1,0,3,1,0
19010011,139,large,0.54454114,0.02645544,1,0,3,1,0
19010011,145,large,0.551155,0.03527392,2,0,3,1,0
19010011,149,large,0.67461372,0.04188778,2,0,3,1,0
19010011,135,large,0.41667318,0.02425082,2,1,3,1,0
19010011,138,large,0.49824412,0.02866006,2,1,3,0,0
19010011,133,large,0.35053458,0.01984158,1,1,3,1,0
19010011,NA,large,0.2755775,NA,0,0,0,1,0
19010012,138,large,0.47619792,0.03747854,2,0,3,0,0
19010012,150,large,0.59304278,0.0330693,2,1,3,1,0
19010012,150,large,0.59083816,0.03527392,1,0,3,1,0
19010012,153,large,0.54674576,0.03747854,1,1,3,1,0
19010012,138,large,0.5070626,0.03747854,1,0,3,0,0
19010012,139,large,0.44753786,0.0330693,2,0,3,0,0
19010012,126,large,0.35935306,0.02425082,1,0,3,0,0
19010012,127,large,0.330693,0.022046200000000002,1,0,3,0,0
19010012,134,large,0.45415172,0.03086468,2,0,3,0,0
19010012,134,large,0.41226394,0.02866006,1,0,3,1,0
19010012,105,small,NA,NA,1,0,3,0,0
19010012,88,small,NA,NA,1,0,3,0,0
19010012,94,small,NA,NA,2,0,3,0,0
19010012,85,small,NA,NA,2,0,3,0,0
19010013,128,large,0.62170284,0.0330693,2,1,3,1,0
19010013,127,large,0.3747854,0.03086468,1,0,3,1,0
19010013,109,large,0.32187452,0.02425082,1,0,3,1,0
19010014,129,large,0.45415172,0.03086468,2,0,3,0,0
19010014,118,large,0.33730686,0.01984158,1,0,3,1,0
19010014,126,large,0.3747854,0.02645544,1,0,3,0,0
19010014,136,large,0.45415172,0.03527392,1,1,3,1,0
19010014,135,large,0.41005932,0.02866006,2,0,3,0,0
19010014,115,large,0.33730686,0.02425082,2,0,3,0,0
19010014,112,large,0.2755775,0.01543234,1,0,2,0,0
19010014,116,large,0.2976237,0.01984158,1,0,3,0,0
19010014,113,large,0.32187452,0.022046200000000002,2,0,3,0,0
19010014,105,large,0.2314851,0.01543234,1,0,2,0,0
19010014,73,small,NA,NA,1,0,0,0,0
19010014,69,small,NA,NA,1,0,0,0,0
19010014,89,small,NA,NA,2,0,2,0,0
19010014,36,small,NA,NA,0,0,0,0,0
19010014,24,small,NA,NA,0,0,0,0,0
19010014,23,small,NA,NA,0,0,0,0,0
19010014,24,small,NA,NA,0,0,0,0,0
19010014,22,small,NA,NA,0,0,0,0,0
19010014,23,small,NA,NA,0,0,0,0,0
19010014,15,small,NA,NA,0,0,0,0,0
19010015,121,large,0.41667318,0.03086468,1,0,3,0,0
19010015,128,large,0.39242236,0.03527392,2,0,3,0,0
19010015,119,large,0.33730686,0.022046200000000002,2,0,3,0,0
19010015,124,large,0.34612534,0.02425082,2,0,3,0,0
19010015,116,large,0.34612534,0.022046200000000002,2,0,3,0,0
19010015,121,large,0.32848838,0.02645544,2,1,3,0,0
19010015,120,large,0.33510224,0.02425082,1,0,3,0,0
19010015,127,large,0.4188778,0.03086468,1,0,3,0,0
19010015,123,large,0.36155768,0.02866006,2,0,3,0,0
19010015,107,large,0.27116826,0.01763696,2,0,3,0,0
19010015,84,small,NA,NA,1,0,3,0,0
19010015,87,small,NA,NA,1,0,3,0,0
19010015,67,small,NA,NA,1,0,0,0,0
19010015,59,small,NA,NA,1,0,0,0,0
19010015,65,small,NA,NA,1,0,0,0,0
19010015,32,small,NA,NA,0,0,0,0,0
19010015,29,small,NA,NA,0,0,0,0,0
19010015,28,small,NA,NA,0,0,0,0,0
19010015,22,small,NA,NA,0,0,0,0,0
19010015,21,small,NA,NA,0,0,0,0,0
19010017,135,large,0.39242236,0.02866006,1,0,3,0,0
19010017,118,large,0.2976237,0.01984158,1,0,2,0,0
19010017,120,large,0.29541908,0.022046200000000002,1,1,3,0,0
19010017,122,large,0.35053458,0.02425082,2,0,3,1,0
19010017,121,large,0.33730686,0.01984158,1,0,3,1,0
19010017,110,large,0.26234978,0.01322772,1,0,3,0,0
19010017,112,large,0.24030358,0.01322772,1,0,3,0,0
19010017,108,large,0.21164352,0.01543234,1,0,3,0,0
19010017,104,large,0.19180194,0.011023100000000001,1,0,3,0,0
19010017,112,large,0.2425082,0.01543234,1,0,2,0,0
19010017,93,small,NA,NA,1,0,3,0,0
19010017,94,small,NA,NA,1,0,3,0,0
19010017,81,small,NA,NA,2,0,0,0,0
19010017,91,small,NA,NA,2,0,2,0,0
19010017,56,small,NA,NA,0,0,0,0,0
19010017,56,small,NA,NA,0,0,0,0,0
19010017,56,small,NA,NA,0,0,0,0,0
19010017,62,small,NA,NA,0,0,0,0,0
19010017,53,small,NA,NA,0,0,0,0,0
19010017,50,small,NA,NA,0,0,0,0,0
19010018,113,large,0.2866006,0.01984158,1,0,2,0,0
19010018,110,large,0.24030358,0.01543234,2,0,3,0,0
19010018,114,large,0.29100984,0.01984158,1,0,3,1,0
19010018,109,large,0.23809896,0.01763696,1,0,3,0,0
19010018,116,large,0.29982832,0.022046200000000002,1,0,3,1,1
19010018,118,large,0.29321446,0.02425082,2,0,3,0,0
19010018,103,large,0.19180194,0.01543234,1,0,2,0,0
19010018,108,large,0.2314851,0.01763696,1,0,2,0,0
19010018,102,large,0.19180194,0.01322772,1,0,2,0,0
19010018,109,large,0.22928048,0.01543234,2,0,3,0,0
19010018,62,small,NA,NA,0,0,0,0,0
19010018,56,small,NA,NA,0,0,0,0,0
19010018,62,small,NA,NA,0,0,0,0,0
19010018,64,small,NA,NA,0,0,0,0,0
19010019,128,large,0.3747854,0.02645544,1,0,2,0,0
19010019,111,large,0.23809896,0.01763696,1,0,3,0,0
19010019,125,large,0.35935306,0.02645544,1,0,3,0,0
19010019,117,large,0.29321446,0.01763696,1,0,3,0,0
19010019,120,large,0.3086468,0.02425082,1,0,2,0,0
19010019,113,large,0.26014516,0.01543234,2,0,3,0,0
19010019,109,large,0.2425082,0.01763696,2,0,3,0,0
19010019,110,large,0.19621118,0.01984158,2,0,3,0,0
19010019,107,large,0.24030358,0.01763696,2,0,3,0,0
19010019,112,large,0.24030358,0.01763696,1,0,3,0,0
19010019,97,small,NA,NA,1,0,3,0,0
19010019,98,small,NA,NA,1,0,3,0,0
19010019,99,small,NA,NA,1,0,3,0,0
19010019,102,small,NA,NA,1,0,3,0,0
19010019,97,small,NA,NA,1,0,2,0,0
19010019,90,small,NA,NA,1,0,2,0,0
19010019,91,small,NA,NA,1,0,2,0,0
19010019,NA,small,NA,NA,2,0,3,0,0
19010019,63,small,NA,NA,0,0,0,0,0
19010019,66,small,NA,NA,0,0,0,0,0
19010020,112,large,0.24691744,0.022046200000000002,1,0,3,0,0
19010020,113,large,0.2535313,0.022046200000000002,1,0,3,0,0
19010020,119,large,0.27998674,0.02866006,2,0,3,1,0
19010020,109,large,0.22928048,0.01984158,1,0,3,0,0
19010020,110,large,0.27778212,0.01984158,1,0,3,1,0
19010020,109,large,0.24471282,0.022046200000000002,1,0,3,0,0
19010020,105,large,0.1984158,0.01763696,1,0,3,0,0
19010020,117,large,0.25573592,0.02425082,1,0,3,0,0
19010020,101,large,0.18518808,0.01322772,2,0,3,0,0
19010020,103,large,0.18077884,0.01322772,2,0,3,0,0
19010020,95,small,NA,NA,1,0,3,0,0
19010020,82,small,NA,NA,1,0,3,0,0
19010020,82,small,NA,NA,1,0,2,0,0
19010020,99,small,NA,NA,2,0,3,0,0
19010020,45,small,NA,NA,0,0,0,0,0
19010021,131,large,0.42769628,0.04850164,1,0,3,1,1
19010021,130,large,0.43210552,0.04188778,1,0,3,0,0
19010021,126,large,0.37258078,0.03086468,2,0,3,0,0
19010021,126,large,0.39242236,0.03527392,2,0,3,0,0
19010021,131,large,0.40344546,0.03747854,1,0,3,0,0
19010021,116,large,0.33730686,0.03086468,2,0,3,0,0
19010021,118,large,0.29982832,0.02645544,1,0,3,0,0
19010021,119,large,0.31746528,0.02425082,1,0,3,0,0
19010021,118,large,0.27337288,0.022046200000000002,1,0,3,0,0
19010021,114,large,0.31526066,0.02425082,1,0,3,0,0
19010021,83,small,NA,NA,1,0,3,0,0
19010021,85,small,NA,NA,1,0,3,0,0
19010021,64,small,NA,NA,1,0,2,0,0
19010021,70,small,NA,NA,1,0,2,0,0
19010021,60,small,NA,NA,1,0,2,0,0
19010021,61,small,NA,NA,1,0,2,0,0
19010021,54,small,NA,NA,0,0,0,0,0
19010021,31,small,NA,NA,0,0,0,0,0
19010021,33,small,NA,NA,0,0,0,0,0
19010021,24,small,NA,NA,0,0,0,0,0
19010022,146,large,0.63052132,0.05291088,1,0,3,0,0
19010022,124,large,0.36596692000000003,0.022046200000000002,1,0,3,0,0
19010022,103,large,0.29100984,0.022046200000000002,2,0,3,0,0
19010022,110,large,0.29100984,0.022046200000000002,1,0,3,0,0
19010022,114,large,0.29321446,0.01763696,1,0,3,0,0
19010022,101,large,0.220462,0.01543234,2,0,3,0,0
19010022,107,large,0.22928048,0.01763696,1,0,3,0,0
19010022,102,large,0.220462,0.01763696,2,0,3,0,0
19010022,106,large,0.2645544,0.01763696,2,0,3,0,0
19010022,102,large,0.22928048,0.01543234,1,0,3,0,0
19010022,94,small,NA,NA,2,0,3,0,0
19010022,89,small,NA,NA,2,0,3,0,0
19010022,72,small,NA,NA,2,0,3,0,0
19010022,45,small,NA,NA,1,0,0,0,0
19010022,39,small,NA,NA,0,0,0,0,0
19010022,39,small,NA,NA,0,0,0,0,0
19010022,39,small,NA,NA,0,0,0,0,0
19010022,34,small,NA,NA,0,0,0,0,0
19010022,30,small,NA,NA,0,0,0,0,0
19010022,26,small,NA,NA,0,0,0,0,0
19010023,132,large,0.40124084,0.03968316,1,0,3,0,0
19010023,115,large,0.30644218,0.02425082,2,0,3,0,0
19010023,105,large,0.22266662,0.01543234,2,0,3,0,0
19010023,128,large,0.42549166,0.03747854,1,0,3,0,0
19010023,109,large,0.23368972,0.01984158,1,0,3,0,0
19010023,114,large,0.29541908,0.01984158,1,0,3,0,0
19010023,102,large,0.20502966,0.01543234,2,0,3,0,0
19010023,108,large,0.25132668,0.01763696,2,0,3,0,0
19010023,101,large,0.20502966,0.01543234,1,0,3,0,0
19010023,104,large,0.22487124,0.01984158,2,0,3,0,0
19010023,95,small,NA,NA,1,0,3,0,0
19010023,90,small,NA,NA,1,0,3,0,0
19010023,64,small,NA,NA,1,0,3,0,0
19010023,88,small,NA,NA,2,0,3,0,0
19010023,75,small,NA,NA,2,0,3,0,0
19010023,42,small,NA,NA,0,0,0,0,0
19010023,31,small,NA,NA,0,0,0,0,0
19010023,24,small,NA,NA,0,0,0,0,0
19010023,24,small,NA,NA,0,0,0,0,0
19010023,18,small,NA,NA,0,0,0,0,0
19010025,108,large,0.20062042,0.01763696,2,0,3,0,0
19010025,94,small,NA,NA,1,0,2,0,0
19010025,64,small,NA,NA,1,0,2,0,0
19010025,63,small,NA,NA,1,0,2,0,0
19010025,85,small,NA,NA,2,0,3,0,0
19010025,31,small,NA,NA,0,0,0,0,0
19010025,17,small,NA,NA,0,0,0,0,0
19010026,139,large,0.53351804,0.05291088,2,0,3,0,0
19010026,122,large,0.35494382,0.03086468,1,0,3,0,0
19010026,123,large,0.35494382,0.02866006,2,0,3,0,0
19010026,118,large,0.35494382,0.02866006,2,0,3,0,0
19010026,118,large,0.31746528,0.02645544,1,0,3,0,0
19010026,116,large,0.29321446,0.02645544,1,0,3,0,0
19010026,109,large,0.22928048,0.01984158,1,0,3,0,0
19010026,105,large,0.24471282,0.01763696,1,0,3,0,0
19010026,104,large,0.2535313,0.01984158,2,0,3,0,0
19010026,96,large,0.1653465,0.01322772,1,0,3,0,0
19010026,79,small,NA,NA,1,0,3,0,0
19010026,67,small,NA,NA,1,0,3,0,0
19010026,86,small,NA,NA,2,0,3,0,0
19010026,79,small,NA,NA,2,0,3,0,0
19010026,75,small,NA,NA,2,0,3,0,0
19010026,83,small,NA,NA,2,0,3,0,0
19010026,45,small,NA,NA,0,0,0,0,0
19010026,43,small,NA,NA,0,0,0,0,0
19010026,48,small,NA,NA,0,0,0,0,0
19010026,31,small,NA,NA,0,0,0,0,0
19010027,132,large,0.49383488,0.03747854,1,0,3,0,0
19010027,118,large,0.3747854,0.02425082,2,0,3,0,0
19010027,113,large,0.32187452,0.022046200000000002,1,0,3,0,0
19010027,116,large,0.31746528,0.01984158,2,0,3,0,0
19010027,133,large,0.49383488,0.03747854,1,0,3,3,3
19010027,122,large,0.4078547,0.0330693,1,0,3,0,0
19010027,117,large,0.330693,0.02645544,2,0,3,0,0
19010027,114,large,0.330693,0.02425082,1,0,3,0,0
19010027,118,large,0.330693,0.02645544,2,0,3,0,0
19010027,108,large,0.2645544,0.01984158,2,0,3,0,0
19010027,66,small,NA,NA,1,0,2,0,0
19010027,68,small,NA,NA,1,0,2,0,0
19010027,66,small,NA,NA,1,0,2,0,0
19010027,67,small,NA,NA,1,0,2,0,0
19010027,68,small,NA,NA,2,0,2,0,0
19010027,53,small,NA,NA,1,0,0,0,0
19010027,28,small,NA,NA,0,0,0,0,0
19010027,30,small,NA,NA,0,0,0,0,0
19010027,30,small,NA,NA,0,0,0,0,0
19010027,25,small,NA,NA,0,0,0,0,0
19010028,129,large,0.4519471,0.04188778,2,0,3,1,1
19010028,131,large,0.4188778,0.0330693,2,0,3,0,0
19010028,128,large,0.45415172,0.03527392,1,0,3,0,0
19010028,122,large,0.35494382,0.03086468,2,0,3,0,0
19010028,119,large,0.33289762,0.02425082,1,0,3,0,0
19010028,115,large,0.3196699,0.02645544,2,0,3,0,0
19010028,106,large,0.26014516,0.022046200000000002,2,0,3,0,0
19010028,116,large,0.31526066,0.02866006,1,0,3,0,0
19010028,107,large,0.25573592,0.01763696,1,0,3,0,0
19010028,112,large,0.24691744,0.022046200000000002,1,0,3,0,0
19010028,64,small,NA,NA,1,0,2,0,0
19010028,58,small,NA,NA,1,0,2,0,0
19010028,57,small,NA,NA,1,0,2,0,0
19010028,80,small,NA,NA,2,0,3,0,0
19010028,30,small,NA,NA,0,0,0,0,0
19010028,25,small,NA,NA,0,0,0,0,0
19010028,24,small,NA,NA,0,0,0,0,0
19010028,24,small,NA,NA,0,0,0,0,0
19010028,19,small,NA,NA,0,0,0,0,0
19010028,19,small,NA,NA,0,0,0,0,0
19010029,140,large,0.4850164,0.03747854,1,0,3,0,0
19010029,123,large,0.37037616,0.03086468,1,0,3,1,1
19010029,132,large,0.39462698,0.0330693,1,0,3,0,0
19010029,128,large,0.39242236,0.0330693,1,0,3,0,0
19010029,125,large,0.39021774,0.03527392,1,0,3,1,1
19010029,124,large,0.34392072,0.03086468,2,0,3,0,0
19010029,117,large,0.330693,0.02425082,1,0,3,0,0
19010029,110,large,0.29321446,0.01984158,2,0,3,0,1
19010029,109,large,0.26675902,0.01763696,2,0,3,0,0
19010029,107,large,0.26896364,0.022046200000000002,2,0,3,0,0
19010029,74,small,NA,NA,1,0,3,0,0
19010029,63,small,NA,NA,1,0,2,0,0
19010029,67,small,NA,NA,1,0,2,0,0
19010029,98,small,NA,NA,2,0,3,0,0
19010029,32,small,NA,NA,0,0,0,0,0
19010029,31,small,NA,NA,0,0,0,0,0
19010029,30,small,NA,NA,0,0,0,0,0
19010029,28,small,NA,NA,0,0,0,0,0
19010029,25,small,NA,NA,0,0,0,0,0
19010029,21,small,NA,NA,0,0,0,0,0
19010030,118,large,0.38139926,0.02645544,2,0,3,0,0
19010030,121,large,0.35053458,0.02645544,1,0,3,0,0
19010030,116,large,0.29541908,0.022046200000000002,1,0,3,0,0
19010030,115,large,0.32628376,0.02645544,2,0,3,0,0
19010030,118,large,0.35494382,0.02425082,1,0,3,0,0
19010030,106,large,0.27337288,0.022046200000000002,2,0,3,0,0
19010030,109,large,0.28219136,0.02425082,2,0,3,0,0
19010030,109,large,0.27778212,0.01984158,1,0,3,0,0
19010030,106,large,0.24912206,0.022046200000000002,2,0,3,0,0
19010030,96,large,0.20062042,0.01763696,2,0,3,0,0
19010030,85,small,NA,NA,1,0,3,0,0
19010030,75,small,NA,NA,1,0,3,0,0
19010030,68,small,NA,NA,1,0,3,0,0
19010030,77,small,NA,NA,2,0,3,0,0
19010030,35,small,NA,NA,0,0,0,0,0
19010030,43,small,NA,NA,0,0,0,0,0
19010030,43,small,NA,NA,0,0,0,0,0
19010030,37,small,NA,NA,0,0,0,0,0
19010030,31,small,NA,NA,0,0,0,0,0
19010030,29,small,NA,NA,0,0,0,0,0
19010031,137,large,0.5401319,0.0330693,2,0,3,1,0
19010031,137,large,0.4739933,0.03086468,1,0,3,1,1
19010031,136,large,0.54674576,0.03527392,1,0,3,2,1
19010031,134,large,0.5070626,0.02425082,2,0,3,2,1
19010031,131,large,0.4850164,0.03968316,2,0,3,0,0
19010031,132,large,0.48281178,0.03747854,1,0,3,0,0
19010031,123,large,0.3747854,0.03086468,1,0,3,0,0
19010031,123,large,0.40344546,0.02645544,2,0,3,0,0
19010031,126,large,0.35935306,0.02425082,2,0,3,0,0
19010031,121,large,0.37037616,0.02645544,2,0,3,0,0
19010031,92,small,NA,NA,1,0,3,0,0
19010031,73,small,NA,NA,1,0,3,0,0
19010031,70,small,NA,NA,1,0,3,0,0
19010031,62,small,NA,NA,1,0,2,0,0
19010031,35,small,NA,NA,0,0,0,0,0
19010031,30,small,NA,NA,0,0,0,0,0
19010031,27,small,NA,NA,0,0,0,0,0
19010031,28,small,NA,NA,0,0,0,0,0
19010031,25,small,NA,NA,0,0,0,0,0
19010031,21,small,NA,NA,0,0,0,0,0
19010033,125,large,0.47178868,0.02645544,2,0,3,1,0
19010033,114,large,0.42990090000000003,0.02645544,2,0,3,0,0
19010033,115,large,0.37037616,0.01763696,2,0,3,0,0
19010033,114,large,0.31305604,0.01763696,1,0,3,0,0
19010033,128,large,0.39242236,0.02645544,1,0,3,0,0
19010033,117,large,0.37699002,0.02425082,2,0,3,0,0
19010033,120,large,0.32848838,0.02645544,2,0,3,0,0
19010033,114,large,0.3086468,0.02425082,2,0,3,0,0
19010033,109,large,0.2645544,0.01543234,2,0,3,0,0
19010033,113,large,0.2976237,0.01984158,2,0,3,0,0
19010033,96,small,NA,NA,1,0,3,0,0
19010033,74,small,NA,NA,1,0,3,0,0
19010033,71,small,NA,NA,1,0,3,0,0
19010033,74,small,NA,NA,2,0,3,0,0
19010033,73,small,NA,NA,2,0,3,0,0
19010033,36,small,NA,NA,0,0,0,0,0
19010033,29,small,NA,NA,0,0,0,0,0
19010033,32,small,NA,NA,0,0,0,0,0
19010033,26,small,NA,NA,0,0,0,0,0
19010034,124,large,0.43210552,0.02866006,2,0,3,0,0
19010034,121,large,0.34612534,0.02425082,1,0,3,0,0
19010034,106,large,0.2645544,0.01763696,2,0,3,0,0
19010034,108,large,0.26896364,0.01543234,2,0,3,0,0
19010034,131,large,0.50926722,0.04188778,2,0,3,1,0
19010034,135,large,0.45856096,0.0330693,2,0,3,0,0
19010034,128,large,0.44974248,0.03527392,2,0,3,0,0
19010034,130,large,0.46517482,0.0330693,1,0,3,0,0
19010034,124,large,0.38801312,0.02425082,1,0,3,0,0
19010034,126,large,0.39462698,0.0330693,2,0,3,0,0
19010034,90,small,NA,NA,1,0,3,0,0
19010034,87,small,NA,NA,1,0,3,0,0
19010034,83,small,NA,NA,2,0,3,0,0
19010034,86,small,NA,NA,2,0,3,0,0
19010034,74,small,NA,NA,2,0,3,0,0
19010034,90,small,NA,NA,2,0,3,0,0
19010034,64,small,NA,NA,1,0,2,0,0
19010034,50,small,NA,NA,1,0,0,0,0
19010034,35,small,NA,NA,0,0,0,0,0
19010034,26,small,NA,NA,0,0,0,0,0
19010035,133,large,0.48942564,0.03968316,1,0,3,0,0
19010035,130,large,0.46737944,0.03527392,1,0,3,0,0
19010035,143,large,0.58642892,0.03527392,2,0,2,0,1
19010035,114,large,0.33510224,0.01984158,2,0,3,1,0
19010035,113,large,0.28219136,0.01984158,2,0,3,0,0
19010035,112,large,0.30203294,0.01984158,2,0,3,0,0
19010035,104,large,0.21384814,0.01763696,2,0,3,0,0
19010035,105,large,0.22928048,0.01543234,2,0,3,0,0
19010035,98,large,0.20723428,0.01543234,1,0,3,0,0
19010035,97,large,0.1984158,0.01322772,2,0,3,0,0
19010035,93,small,NA,NA,1,0,3,0,0
19010035,71,small,NA,NA,1,0,3,0,0
19010035,59,small,NA,NA,1,0,2,0,0
19010035,78,small,NA,NA,2,0,3,0,0
19010035,79,small,NA,NA,2,0,3,0,0
19010035,40,small,NA,NA,0,0,0,0,0
19010035,40,small,NA,NA,0,0,0,0,0
19010035,39,small,NA,NA,0,0,0,0,0
19010035,37,small,NA,NA,0,0,0,0,0
19010035,35,small,NA,NA,0,0,0,0,0
19010036,107,large,0.24030358,0.01763696,2,0,3,0,0
19010036,118,large,0.26014516,0.01984158,1,0,2,0,0
19010036,98,large,0.16975574,0.01322772,1,0,2,0,0
19010036,107,large,0.22928048,0.01543234,1,0,2,0,0
19010036,105,large,0.20723428,0.01543234,1,0,2,0,0
19010036,97,large,0.15652802,0.00881848,1,0,2,0,0
19010036,96,large,0.15873264,0.01322772,1,0,2,0,0
19010036,109,large,0.21605276,0.01543234,2,0,2,0,0
19010036,103,large,0.21164352,0.01543234,1,0,2,0,0
19010036,99,large,0.14991416,0.01322772,2,0,3,0,0
19010036,87,small,NA,NA,1,0,2,0,0
19010036,88,small,NA,NA,1,0,2,0,0
19010036,88,small,NA,NA,1,0,2,0,0
19010036,85,small,NA,NA,1,0,2,0,0
19010036,79,small,NA,NA,1,0,2,0,0
19010036,84,small,NA,NA,1,0,2,0,0
19010036,77,small,NA,NA,1,0,2,0,0
19010036,69,small,NA,NA,1,0,0,0,0
19010036,63,small,NA,NA,1,0,0,0,0
19010036,67,small,NA,NA,1,0,0,0,0
19010037,126,large,0.37037616,0.02645544,2,0,3,0,0
19010037,123,large,0.32407914,0.02645544,2,1,3,0,0
19010037,129,large,0.3747854,0.02866006,2,0,2,0,0
19010037,119,large,0.32187452,0.02645544,2,0,2,0,0
19010037,114,large,0.2645544,0.022046200000000002,2,0,3,0,0
19010037,111,large,0.2535313,0.01763696,2,0,3,0,0
19010037,112,large,0.28880522000000003,0.02425082,1,0,3,0,0
19010037,103,large,0.21825738,0.01984158,1,0,3,0,0
19010037,110,large,0.22487124,0.01763696,2,0,3,0,0
19010037,107,large,0.2535313,0.01984158,1,0,2,0,0
19010037,99,small,NA,NA,1,0,3,0,0
19010037,96,small,NA,NA,1,0,3,0,0
19010037,94,small,NA,NA,1,0,2,0,0
19010037,93,small,NA,NA,1,0,2,0,0
19010037,98,small,NA,NA,1,0,2,0,0
19010037,90,small,NA,NA,1,0,2,0,0
19010037,98,small,NA,NA,2,0,3,0,0
19010037,100,small,NA,NA,2,0,3,0,0
19010037,98,small,NA,NA,2,0,3,0,0
19010038,121,large,0.35053458,0.02645544,1,0,3,0,0
19010038,117,large,0.30423756,0.02425082,1,1,3,0,0
19010038,115,large,0.28219136,0.02425082,1,0,3,0,0
19010038,115,large,0.30423756,0.02425082,2,0,3,0,0
19010038,113,large,0.23809896,0.022046200000000002,1,0,3,0,0
19010038,108,large,0.25794054,0.01763696,2,0,3,1,0
19010038,119,large,0.29541908,0.02866006,1,0,3,0,0
19010038,106,large,0.21825738,0.01543234,2,0,3,0,0
19010038,122,large,0.33951148,0.02425082,1,0,2,0,0
19010038,112,large,0.26896364,0.01984158,1,0,3,0,0
19010038,98,small,NA,NA,1,0,3,0,0
19010038,71,small,NA,NA,1,0,2,0,0
19010038,99,small,NA,NA,1,0,2,0,0
19010038,89,small,NA,NA,2,0,3,0,0
19010038,98,small,NA,NA,2,0,3,0,0
19010038,99,small,NA,NA,2,0,3,0,0
19010038,98,small,NA,NA,2,0,3,0,0
19010038,53,small,NA,NA,0,0,0,0,0
19010038,27,small,NA,NA,0,0,0,0,0
19010038,28,small,NA,NA,0,0,0,0,0
19010039,130,large,0.46958406,0.03527392,1,0,3,1,0
19010039,126,large,0.41226394,0.03527392,1,0,3,0,0
19010039,130,large,0.5291088,0.044092400000000004,2,0,3,1,0
19010039,112,large,0.29541908,0.02645544,1,0,3,0,0
19010039,129,large,0.44533324,0.03747854,2,0,3,0,0
19010039,120,large,0.36817154,0.03086468,1,0,3,0,0
19010039,127,large,0.42549166,0.03968316,2,0,3,1,0
19010039,122,large,0.34612534,0.03086468,1,0,3,0,0
19010039,112,large,0.28880522000000003,0.022046200000000002,2,0,3,0,0
19010039,100,large,0.20502966,0.01763696,2,0,3,0,0
19010039,88,small,NA,NA,1,0,3,0,0
19010039,71,small,NA,NA,1,0,3,0,0
19010039,78,small,NA,NA,1,0,3,0,0
19010039,73,small,NA,NA,2,0,3,0,0
19010039,79,small,NA,NA,2,0,3,0,0
19010039,81,small,NA,NA,2,0,3,0,0
19010039,43,small,NA,NA,0,0,0,0,0
19010039,31,small,NA,NA,0,0,0,0,0
19010039,28,small,NA,NA,0,0,0,0,0
19010039,27,small,NA,NA,0,0,0,0,0
19010041,107,large,0.25132668,0.01763696,1,0,2,1,0
19010041,106,large,0.26675902,0.01984158,1,0,2,0,0
19010041,109,large,0.23368972,0.01984158,1,0,3,1,0
19010041,99,large,0.1873927,0.01322772,1,0,2,0,0
19010041,111,large,0.25573592,0.01763696,1,0,2,0,0
19010041,115,large,0.27337288,0.01763696,1,0,2,0,0
19010041,104,large,0.17857422,0.01322772,1,0,2,0,0
19010041,104,large,0.18298346000000001,0.01322772,1,0,2,0,0
19010041,116,large,0.31526066,0.022046200000000002,2,0,3,0,0
19010041,99,large,0.1873927,0.01322772,1,0,2,0,0
19010041,96,small,NA,NA,1,0,2,0,0
19010041,94,small,NA,NA,1,0,2,0,0
19010041,96,small,NA,NA,1,0,2,0,0
19010041,94,small,NA,NA,1,0,2,0,0
19010041,97,small,NA,NA,1,0,3,0,0
19010041,99,small,NA,NA,1,0,3,0,0
19010041,79,small,NA,NA,1,0,3,0,0
19010041,97,small,NA,NA,2,0,3,1,0
19010041,93,small,NA,NA,2,0,3,0,0
19010041,89,small,NA,NA,2,0,3,0,0
19010042,118,large,0.32848838,0.03086468,1,0,2,0,0
19010042,119,large,0.31305604,0.02645544,2,0,3,0,1
19010042,124,large,0.33951148,0.0330693,1,0,3,0,0
19010042,109,large,0.26234978,0.022046200000000002,1,0,3,0,0
19010042,108,large,0.2645544,0.01984158,2,0,3,0,0
19010042,111,large,0.23809896,0.022046200000000002,1,0,3,0,1
19010042,109,large,0.2425082,0.01543234,1,0,3,0,0
19010042,128,large,0.39903622,0.01984158,1,0,3,0,0
19010042,113,large,0.26896364,0.02866006,2,0,3,0,0
19010042,106,large,0.22928048,0.01984158,2,0,3,0,0
19010042,46,small,NA,NA,0,0,0,0,0
19010042,49,small,NA,NA,0,0,0,0,0
19010042,64,small,NA,NA,1,0,0,0,0
19010042,63,small,NA,NA,1,0,0,0,0
19010042,62,small,NA,NA,1,0,0,0,0
19010042,95,small,NA,NA,1,0,2,0,0
19010042,97,small,NA,NA,1,0,3,0,0
19010042,86,small,NA,NA,2,0,3,0,0
19010042,94,small,NA,NA,2,0,3,0,0
19010043,124,large,0.44974248,0.04188778,2,0,3,0,0
19010043,106,large,0.24691744,0.01763696,1,0,3,0,0
19010043,101,large,0.18518808,0.01763696,2,0,3,0,0
19010043,114,large,0.330693,0.02425082,1,0,3,0,0
19010043,105,large,0.22928048,0.03747854,1,0,3,0,0
19010043,127,large,0.46737944,0.044092400000000004,2,0,3,0,0
19010043,125,large,0.42990090000000003,0.03527392,2,0,3,0,0
19010043,110,large,0.27998674,0.022046200000000002,2,0,3,0,0
19010043,111,large,0.29100984,0.02425082,1,0,3,0,0
19010043,109,large,0.26896364,0.02645544,2,0,3,0,0
19010043,40,small,NA,NA,1,0,0,0,0
19010043,55,small,NA,NA,1,0,0,0,0
19010043,33,small,NA,NA,0,0,0,0,0
19010043,33,small,NA,NA,0,0,0,0,0
19010043,33,small,NA,NA,0,0,0,0,0
19010043,30,small,NA,NA,0,0,0,0,0
19010043,69,small,NA,NA,1,0,3,0,0
19010043,94,small,NA,NA,1,0,3,0,0
19010043,79,small,NA,NA,2,0,3,0,0
19010043,75,small,NA,NA,2,0,3,0,0
19010045,127,large,0.42769628,0.03086468,1,0,3,1,0
19010045,136,large,0.47840254,0.0330693,2,0,3,0,0
19010045,123,large,0.41446856,0.02866006,1,0,3,0,1
19010045,121,large,0.37258078,0.02866006,1,0,3,1,0
19010045,133,large,0.46517482,0.03086468,1,0,3,0,1
19010045,109,large,0.26896364,0.01763696,2,0,3,0,0
19010045,130,large,0.38360388,0.02425082,2,0,3,0,0
19010045,136,large,0.55335962,0.03747854,2,0,3,0,0
19010045,117,large,0.33289762,0.01984158,1,0,3,1,0
19010045,100,large,0.20062042,0.01322772,1,0,3,0,0
19010045,81,small,NA,NA,1,0,3,0,0
19010045,37,small,NA,NA,0,0,0,0,0
19010045,32,small,NA,NA,0,0,0,0,0
19010045,31,small,NA,NA,0,0,0,0,0
19010045,30,small,NA,NA,0,0,0,0,0
19010045,26,small,NA,NA,0,0,0,0,0
19010045,30,small,NA,NA,0,0,0,0,0
19010045,27,small,NA,NA,0,0,0,0,0
19010046,140,large,0.5070626,0.03086468,1,0,3,0,1
19010046,127,large,0.45415172,0.03086468,1,0,3,0,1
19010046,136,large,0.57540582,0.03747854,1,0,3,0,1
19010046,130,large,0.42328704,0.02866006,1,0,3,0,1
19010046,133,large,0.46958406,0.0330693,2,0,3,1,1
19010046,112,large,0.29982832,0.01763696,2,0,3,0,0
19010046,131,large,0.48942564,0.03527392,1,0,3,1,0
19010046,130,large,0.4519471,0.02645544,1,0,3,1,0
19010046,131,large,0.46958406,0.02425082,1,0,3,1,0
19010046,131,large,0.50926722,0.02645544,1,0,3,0,1
19010047,134,large,0.54674576,0.03086468,1,0,3,1,0
19010047,118,large,0.33289762,0.022046200000000002,1,0,3,1,0
19010047,104,large,0.22487124,0.01763696,1,0,3,1,0
19010047,131,large,0.5004487400000001,0.03527392,1,0,3,1,0
19010047,135,large,0.43651476,0.02866006,1,0,3,1,0
19010047,130,large,0.48060716,0.03527392,2,0,3,1,0
19010049,84,small,NA,NA,2,0,3,0,0
19010050,110,large,0.2976237,0.01984158,2,0,3,1,0
19010050,106,large,0.2425082,0.01543234,1,0,3,0,0
19010050,100,large,0.21384814,0.01543234,1,0,3,0,0
19010050,113,large,0.36155768,0.022046200000000002,1,0,3,0,0
19010050,110,large,0.30203294,0.01984158,2,0,3,0,0
19010050,100,large,0.21605276,0.01763696,2,0,3,0,0
19010050,107,large,0.28880522000000003,0.022046200000000002,1,0,3,0,0
19010050,132,large,0.52029032,0.04188778,1,0,3,1,0
19010050,114,large,0.31746528,0.022046200000000002,1,0,3,1,0
19010050,106,large,0.26675902,0.01763696,1,0,3,0,0
19010050,71,small,NA,NA,1,0,3,0,0
19010050,68,small,NA,NA,1,0,3,0,0
19010050,79,small,NA,NA,1,0,3,0,0
19010050,79,small,NA,NA,2,0,3,0,0
19010050,95,small,NA,NA,2,0,3,0,0
19010050,38,small,NA,NA,0,0,0,0,0
19010050,33,small,NA,NA,0,0,0,0,0
19010050,27,small,NA,NA,0,0,0,0,0
19010050,28,small,NA,NA,0,0,0,0,0
19010050,25,small,NA,NA,0,0,0,0,0
19010051,114,large,0.26014516,0.01543234,2,0,2,0,0
19010051,115,large,0.30203294,0.022046200000000002,2,0,3,0,0
19010051,115,large,0.26014516,0.01984158,1,0,3,1,0
19010051,112,large,0.25794054,0.01984158,1,0,3,0,0
19010051,118,large,0.3196699,0.02425082,1,0,3,0,0
19010051,116,large,0.2866006,0.01984158,1,0,3,1,0
19010051,125,large,0.40565008,0.02425082,2,0,3,1,0
19010051,128,large,0.41226394,0.02866006,2,0,2,0,1
19010051,119,large,0.32848838,0.01763696,1,0,3,0,0
19010051,113,large,0.28880522000000003,0.01763696,1,0,3,1,1
19010051,77,small,NA,NA,1,0,3,0,0
19010051,94,small,NA,NA,1,0,3,0,0
19010051,85,small,NA,NA,1,0,3,0,0
19010051,94,small,NA,NA,1,0,3,1,0
19010051,99,small,NA,NA,1,0,3,0,0
19010052,125,large,0.43871938,0.02866006,2,0,3,0,0
19010052,121,large,0.33730686,0.022046200000000002,1,0,3,0,0
19010052,129,large,0.38360388,0.03968316,1,0,3,0,0
19010052,125,large,0.43651476,0.03747854,2,0,3,0,0
19010052,135,large,0.48281178,0.03086468,2,0,3,1,1
19010052,130,large,0.42769628,0.03527392,1,0,3,1,0
19010052,121,large,0.39021774,0.03086468,1,0,3,0,1
19010052,123,large,0.3747854,0.0330693,1,0,3,0,0
19010052,128,large,0.40124084,0.02866006,1,0,3,1,0
19010052,133,large,0.42108242,0.02425082,2,0,3,1,0
19010052,70,small,NA,NA,1,0,2,0,0
19010052,73,small,NA,NA,1,0,3,0,0
19010052,73,small,NA,NA,2,0,2,0,0
19010052,26,small,NA,NA,0,0,0,0,0
19010052,28,small,NA,NA,0,0,0,0,0
19010053,129,large,0.440924,0.03527392,2,0,3,0,0
19010053,115,large,0.30423756,0.01763696,2,0,3,0,0
19010053,135,large,0.52249494,0.03968316,1,1,3,1,0
19010053,128,large,0.4739933,0.04188778,2,0,3,0,0
19010053,140,large,0.59965664,0.04850164,2,0,3,1,0
19010053,133,large,0.4739933,0.03747854,2,0,3,0,0
19010053,136,large,0.56438272,0.04850164,2,0,3,0,0
19010053,130,large,0.41226394,0.03086468,2,0,3,0,0
19010053,135,large,0.53351804,0.04629702,2,0,3,0,0
19010053,127,large,0.42328704,0.03527392,2,0,3,0,0
19010053,79,small,NA,NA,1,0,2,0,0
19010053,84,small,NA,NA,1,0,2,0,0
19010053,81,small,NA,NA,1,0,2,0,0
19010053,71,small,NA,NA,1,0,2,0,0
19010053,99,small,NA,NA,1,0,3,0,0
19010053,99,small,NA,NA,2,0,3,0,0
19010053,99,small,NA,NA,2,0,3,0,0
19010053,100,small,NA,NA,2,0,3,0,0
19010053,84,small,NA,NA,2,0,3,0,0
19010053,33,small,NA,NA,0,0,0,0,0
19010054,121,large,0.35273920000000003,0.02425082,1,0,2,0,0
19010054,116,large,0.29541908,0.022046200000000002,2,1,3,1,0
19010054,103,large,0.20502966,0.011023100000000001,2,0,2,0,0
19010054,111,large,0.26896364,0.01763696,1,0,2,0,0
19010054,108,large,0.20502966,0.01984158,1,0,2,0,0
19010054,99,large,0.18959732,0.011023100000000001,1,0,2,0,0
19010054,116,large,0.33730686,0.022046200000000002,2,0,3,1,0
19010054,117,large,0.29321446,0.02645544,1,0,3,0,0
19010054,114,large,0.33289762,0.01984158,2,0,2,1,1
19010054,103,large,0.18959732,0.01322772,1,0,3,0,0
19010054,87,small,NA,NA,1,0,3,0,0
19010054,55,small,NA,NA,1,0,3,0,0
19010054,60,small,NA,NA,1,0,3,0,0
19010054,96,small,NA,NA,2,0,2,0,0
19010054,77,small,NA,NA,2,0,2,0,0
19010054,100,small,NA,NA,2,0,3,0,0
19010054,102,small,NA,NA,2,0,3,0,0
19010054,53,small,NA,NA,0,0,0,0,0
19010055,127,large,0.44974248,0.0330693,1,0,3,0,0
19010057,139,large,0.4960395,0.04188778,1,0,3,0,1
19010057,139,large,0.53792728,0.03968316,2,0,3,1,0
19010057,127,large,0.38360388,0.0330693,1,0,3,1,0
19010057,124,large,0.39462698,0.02866006,1,0,3,1,1
19010057,148,large,0.66579524,0.04629702,1,0,3,1,0
19010057,135,large,0.5401319,0.044092400000000004,1,0,3,1,1
19010057,108,large,0.28880522000000003,0.022046200000000002,1,0,3,0,0
19010057,136,large,0.44533324,0.03968316,1,0,3,0,0
19010057,147,large,0.63272594,0.04188778,1,0,3,1,1
19010057,140,large,0.58201968,0.0330693,1,0,3,0,0
19010058,113,large,0.3086468,0.022046200000000002,1,0,3,0,0
19010058,107,large,0.2314851,0.01763696,1,0,3,0,0
19010058,104,large,0.22487124,0.01543234,1,0,3,0,0
19010058,108,large,0.26234978,0.01763696,1,0,3,0,0
19010058,118,large,0.33730686,0.02645544,1,0,3,0,0
19010058,108,large,0.28880522000000003,0.022046200000000002,2,0,3,0,0
19010058,128,large,0.38360388,0.0330693,1,0,3,1,1
19010058,118,large,0.30203294,0.022046200000000002,2,0,3,0,0
19010058,114,large,0.28219136,0.022046200000000002,2,0,2,0,0
19010058,130,large,0.3858085,0.02866006,2,0,2,1,0
19010058,99,small,NA,NA,1,0,3,0,0
19010058,66,small,NA,NA,1,0,1,0,0
19010058,62,small,NA,NA,1,0,1,0,0
19010058,59,small,NA,NA,1,0,1,0,0
19010058,64,small,NA,NA,1,0,1,0,0
19010058,65,small,NA,NA,1,0,1,0,0
19010058,52,small,NA,NA,1,0,1,0,0
19010059,134,large,0.49163026,0.0330693,1,0,3,1,0
19010059,128,large,0.5004487400000001,0.02645544,2,0,3,1,0
19010059,132,large,0.4519471,0.03086468,2,0,3,1,0
19010059,132,large,0.4519471,0.0330693,2,0,3,1,1
19010059,128,large,0.55556424,0.03527392,2,0,3,1,1
19010059,124,large,0.38139926,0.02645544,2,0,3,1,1
19010059,139,large,0.6283167,0.05291088,2,0,3,0,1
19010059,132,large,0.42990090000000003,0.0330693,1,0,3,1,1
19010059,128,large,0.4078547,0.02866006,1,0,3,0,0
19010059,133,large,0.43431014,0.03086468,2,0,3,1,1
19010061,108,large,0.33289762,0.01763696,1,0,3,0,0
19010061,136,large,0.57099658,0.03527392,2,0,3,1,0
19010061,145,large,0.60847512,0.03747854,1,0,3,1,1
19010061,136,large,0.67902296,0.04629702,1,0,3,1,1
19010062,126,large,0.38139926,0.02866006,1,0,3,1,0
19010062,124,large,0.3637623,0.02425082,1,0,3,1,1
19010062,130,large,0.5291088,0.03086468,2,0,3,1,1
19010062,106,large,0.23368972,0.01322772,1,0,3,0,0
19010062,107,large,0.23368972,0.01322772,1,0,3,1,0
19010062,143,large,0.43210552,0.03086468,1,0,3,1,1
19010062,136,large,0.51588108,0.02866006,2,1,3,1,1
19010062,111,large,0.29321446,0.01984158,2,0,3,0,0
19010062,107,large,0.23589434,0.01763696,1,0,3,0,0
19010062,140,large,0.52029032,0.0330693,1,0,3,1,1
19010062,68,small,NA,NA,1,0,2,0,0
19010062,96,small,NA,NA,1,0,3,0,0
19010062,95,small,NA,NA,1,0,3,0,0
19010062,93,small,NA,NA,2,0,3,0,0
19010062,97,small,NA,NA,2,0,3,0,0
19010062,96,small,NA,NA,2,0,3,0,0
19010062,96,small,NA,NA,2,0,3,0,0
19010062,31,small,NA,NA,0,0,0,0,0
19010062,27,small,NA,NA,0,0,0,0,0
19010063,121,large,0.3747854,0.02425082,1,0,3,1,1
19010063,119,large,0.31746528,0.02425082,1,0,3,0,0
19010063,114,large,0.3196699,0.02425082,2,0,3,0,0
19010063,146,large,0.51367646,0.03086468,2,1,3,0,0
19010063,126,large,0.38139926,0.02866006,2,0,3,0,0
19010063,126,large,0.51367646,0.02866006,2,1,2,0,0
19010063,114,large,0.31746528,0.01984158,1,0,3,0,0
19010063,146,large,0.63272594,0.03747854,1,0,3,1,1
19010063,130,large,0.36155768,0.01984158,2,1,3,1,1
19010063,108,large,0.25794054,0.01543234,1,0,3,0,0
19010063,99,small,NA,NA,2,0,3,0,0
19010063,99,small,NA,NA,2,0,3,0,0
19010063,83,small,NA,NA,2,0,3,0,0
19010063,86,small,NA,NA,2,0,3,0,0
19010063,95,small,NA,NA,1,0,3,0,0
19010063,72,small,NA,NA,1,0,3,0,0
19010063,63,small,NA,NA,1,0,1,0,0
19010063,30,small,NA,NA,0,0,0,0,0
19010063,33,small,NA,NA,0,0,0,0,0
19010063,35,small,NA,NA,0,0,0,0,0
19010065,118,large,0.31746528,0.01984158,2,0,3,0,0
19010065,128,large,0.46958406,0.02866006,1,0,3,1,1
19010065,124,large,0.3747854,0.02866006,2,0,3,1,0
19010065,128,large,0.44974248,0.02866006,2,0,3,1,0
19010065,128,large,0.47619792,0.03527392,1,0,3,0,0
19010065,129,large,0.42549166,0.03086468,1,0,3,1,0
19010065,137,large,0.48722102,0.0330693,1,0,3,1,1
19010065,143,large,0.65256752,0.03527392,2,0,3,1,0
19010065,133,large,0.440924,0.0330693,2,0,3,1,1
19010065,133,large,0.51588108,0.03527392,1,0,3,1,1
19010066,150,large,0.64595366,0.05070626,1,0,3,1,1
19010066,130,large,0.48722102,0.03747854,1,0,3,0,0
19010066,129,large,0.47178868,0.03086468,1,0,3,0,0
19010066,148,large,0.6062705,0.04629702,1,0,3,0,0
19010066,123,large,0.4078547,0.0330693,1,0,3,0,0
19010066,130,large,0.48722102,0.02866006,2,0,3,1,1
19010066,126,large,0.43210552,0.03747854,2,0,3,0,1
19010066,133,large,0.5004487400000001,0.04629702,1,0,3,1,0
19010066,136,large,0.47619792,0.04629702,1,0,3,0,0
19010066,149,large,0.74516156,0.06172936,2,0,3,1,1
19010066,77,small,NA,NA,1,0,3,0,0
19010066,68,small,NA,NA,1,0,2,0,0
19010066,40,small,NA,NA,0,0,0,0,0
19010066,36,small,NA,NA,0,0,0,0,0
19010066,31,small,NA,NA,0,0,0,0,0
19010067,112,large,0.31085142,0.01763696,1,0,3,0,0
19010067,123,large,0.4188778,0.01984158,2,0,3,0,0
19010067,137,large,0.59083816,0.04188778,2,0,3,1,1
19010067,139,large,0.59083816,0.03527392,2,1,3,1,0
19010067,146,large,0.72972922,0.04188778,1,0,3,3,0
19010067,118,large,0.3637623,0.022046200000000002,2,0,3,0,0
19010067,110,large,0.2976237,0.01763696,2,0,3,0,0
19010067,113,large,0.30203294,0.01984158,1,0,3,0,0
19010067,130,large,0.43651476,0.02866006,1,0,3,0,0
19010067,112,large,0.32407914,0.01543234,2,0,3,0,0
19010067,99,small,NA,NA,2,0,3,0,0
19010067,79,small,NA,NA,2,0,1,0,0
19010067,90,small,NA,NA,1,0,3,0,0
19010067,37,small,NA,NA,0,0,0,0,0
19010067,36,small,NA,NA,0,0,0,0,0
19010067,34,small,NA,NA,0,0,0,0,0
19010068,136,large,0.47840254,0.03527392,2,0,3,1,0
19010068,135,large,0.51147184,0.03527392,1,0,3,1,1
19010068,133,large,0.45415172,0.03968316,2,0,2,0,0
19010068,137,large,0.49383488,0.03747854,2,0,2,1,1
19010068,130,large,0.46076558,0.02866006,2,0,2,1,1
19010068,136,large,0.47178868,0.03968316,1,0,3,0,0
19010068,139,large,0.58201968,0.04629702,1,0,3,1,1
19010068,129,large,0.38801312,0.0330693,1,0,3,0,0
19010068,143,large,0.54454114,0.03527392,2,0,3,1,1
19010068,134,large,0.42108242,0.02866006,1,0,3,1,1
19010068,65,small,NA,NA,1,0,2,0,0
19010068,61,small,NA,NA,1,0,2,0,0
19010068,65,small,NA,NA,2,0,2,0,0
19010069,124,large,0.37699002,0.02645544,2,0,3,0,0
19010069,118,large,0.41667318,0.02866006,1,0,3,1,1
19010069,122,large,0.39903622,0.0330693,1,0,3,0,1
19010069,134,large,0.45856096,0.0330693,1,0,2,1,0
19010069,124,large,0.40124084,0.02645544,2,0,3,0,0
19010069,124,large,0.37037616,0.02425082,1,0,2,0,0
19010069,115,large,0.29541908,0.01984158,1,0,3,0,0
19010069,106,large,0.22707586,0.01322772,1,0,3,0,0
19010069,119,large,0.31746528,0.02425082,1,0,3,0,1
19010069,104,large,0.1984158,0.01543234,1,0,3,0,0
19010069,74,small,NA,NA,1,0,2,0,0
19010069,97,small,NA,NA,1,0,3,0,0
19010069,91,small,NA,NA,1,0,3,0,0
19010069,26,small,NA,NA,0,0,0,0,0
19010069,27,small,NA,NA,0,0,0,0,0
19010069,30,small,NA,NA,0,0,0,0,0
19010070,121,large,0.3637623,0.02425082,2,0,3,0,0
19010070,110,large,0.30203294,0.01984158,1,0,3,1,1
19010070,107,large,0.24691744,0.01763696,2,0,3,1,0
19010070,71,small,NA,NA,1,0,2,0,0
19010070,57,small,NA,NA,1,0,2,0,0
19010070,69,small,NA,NA,2,0,2,0,0
19010070,70,small,NA,NA,2,0,2,0,0
19010071,126,large,0.39242236,0.02645544,1,0,3,0,0
19010071,135,large,0.46958406,0.03747854,2,1,2,1,0
19010071,128,large,0.43651476,0.0330693,2,0,3,0,0
19010071,127,large,0.36817154,0.02866006,2,0,3,1,0
19010071,138,large,0.53131342,0.03968316,2,0,3,1,0
19010071,129,large,0.5291088,0.0330693,1,0,3,0,0
19010071,126,large,0.37037616,0.03527392,2,0,3,0,1
19010071,105,large,0.2094389,0.01543234,2,0,3,0,0
19010071,105,large,0.24691744,0.01763696,2,0,3,0,0
19010071,109,large,0.22928048,0.01322772,1,0,3,0,0
19010071,86,small,NA,NA,1,0,3,0,0
19010071,30,small,NA,NA,0,0,0,0,0
19010071,26,small,NA,NA,0,0,0,0,0
19010071,25,small,NA,NA,0,0,0,0,0
19010073,136,large,0.52469956,0.044092400000000004,1,0,3,1,0
19010073,139,large,0.57981506,0.044092400000000004,1,0,3,1,1
19010073,137,large,0.5070626,0.03968316,1,0,3,1,1
19010073,136,large,0.4078547,0.0330693,2,0,3,0,1
19010073,134,large,0.48281178,0.03968316,2,0,2,0,1
19010073,128,large,0.44312862000000003,0.044092400000000004,1,0,3,1,1
19010073,136,large,0.46076558,0.04188778,1,1,3,1,0
19010073,124,large,0.41446856,0.03086468,1,0,3,0,0
19010073,143,large,0.5732012,0.04629702,2,0,2,0,1
19010073,128,large,0.43210552,0.03086468,1,0,2,0,1
19010074,127,large,0.37699002,0.01984158,2,0,3,1,0
19010074,124,large,0.38139926,0.02425082,2,0,3,0,0
19010074,134,large,0.49824412,0.03968316,2,0,2,1,1
19010074,124,large,0.3747854,0.02645544,1,0,3,0,0
19010074,128,large,0.41446856,0.044092400000000004,1,0,3,0,0
19010074,129,large,0.42549166,0.02866006,1,0,3,0,0
19010074,124,large,0.37258078,0.03086468,1,0,3,1,1
19010074,131,large,0.41226394,0.03747854,1,0,3,1,0
19010074,118,large,0.30644218,0.022046200000000002,2,0,3,0,0
19010074,112,large,0.24912206,0.01984158,1,0,3,0,0
19010074,96,small,NA,NA,1,0,3,0,0
19010074,97,small,NA,NA,1,0,3,0,0
19010074,96,small,NA,NA,1,0,3,0,0
19010074,86,small,NA,NA,1,0,3,0,0
19010074,83,small,NA,NA,1,0,3,0,0
19010074,81,small,NA,NA,1,0,3,0,0
19010074,73,small,NA,NA,1,0,3,0,0
19010074,98,small,NA,NA,2,0,2,0,0
19010074,77,small,NA,NA,2,0,2,0,0
19010074,30,small,NA,NA,0,0,0,0,0
19010075,134,large,0.46517482,0.04188778,2,0,3,0,0
19010075,140,large,0.57540582,0.04629702,2,0,3,1,0
19010075,110,large,0.2314851,0.01984158,2,0,3,0,0
19010075,133,large,0.40124084,0.03527392,2,0,2,0,0
19010075,144,large,0.52469956,0.04188778,1,0,3,0,0
19010075,125,large,0.37699002,0.02866006,1,0,3,0,1
19010075,124,large,0.3417161,0.03086468,2,0,2,0,0
19010075,143,large,0.58201968,0.04850164,2,0,3,1,0
19010075,136,large,0.4629702,0.044092400000000004,1,0,3,1,0
19010075,126,large,0.35053458,0.02866006,1,0,3,0,0
19010076,131,large,0.43210552,0.02866006,1,0,3,1,0
19010076,129,large,0.42328704,0.03747854,2,0,2,1,0
19010076,126,large,0.3637623,0.02645544,1,0,3,1,0
19010076,134,large,0.50926722,0.03527392,1,0,3,1,0
19010076,126,large,0.3747854,0.02645544,2,0,3,1,1
19010076,134,large,0.50485798,0.0330693,2,0,3,0,0
19010076,130,large,0.52690418000000006,0.0330693,2,0,3,0,0
19010076,127,large,0.37919464,0.02866006,2,0,3,0,0
19010076,125,large,0.35273920000000003,0.022046200000000002,1,0,3,0,0
19010076,123,large,0.33730686,0.02425082,2,0,3,0,1
19010076,99,small,NA,NA,1,0,3,0,0
19010077,133,large,0.45415172,0.03747854,2,0,3,1,1
19010077,136,large,0.46517482,0.0330693,2,0,3,0,0
19010077,138,large,0.53131342,0.0330693,1,0,3,1,1
19010077,128,large,0.37919464,0.03527392,2,0,3,0,0
19010077,136,large,0.551155,0.03527392,1,0,2,1,1
19010077,108,large,0.4739933,0.01543234,2,0,3,0,0
19010077,138,large,0.5291088,0.03086468,1,0,3,1,0
19010077,135,large,0.23589434,0.03527392,2,0,3,0,0
19010077,108,large,0.24030358,0.01543234,1,0,3,0,0
19010077,101,large,0.19180194,0.01322772,1,0,3,0,0
19010078,133,large,0.42990090000000003,0.02866006,1,0,3,1,0
19010078,129,large,0.46076558,0.02425082,2,0,3,0,0
19010078,57,small,NA,NA,1,0,1,0,0
19010079,136,large,0.5401319,0.044092400000000004,1,0,3,1,0
19010079,135,large,0.61949822,0.05070626,1,0,3,1,0
19010079,136,large,0.4188778,0.03527392,2,0,3,0,0
19010079,133,large,0.43210552,0.02866006,2,0,3,0,0
19010079,139,large,0.55776886,0.04188778,1,0,3,0,0
19010079,134,large,0.39903622,0.02425082,1,0,3,1,0
19010081,103,large,0.18959732,0.01543234,1,0,3,0,0
19010081,85,small,NA,NA,2,0,3,0,0
19010082,120,large,0.3637623,0.02425082,1,0,3,0,0
19010082,134,large,0.49824412,0.03527392,2,0,3,1,0
19010082,138,large,0.48281178,0.0330693,2,0,3,1,1
19010082,129,large,0.39903622,0.02645544,1,0,3,1,0
19010082,129,large,0.39462698,0.02425082,1,0,3,1,0
19010082,124,large,0.43210552,0.02866006,1,0,3,0,0
19010082,143,large,0.4960395,0.03968316,1,0,3,0,0
19010082,126,large,0.34612534,0.022046200000000002,1,0,3,0,0
19010082,118,large,0.30203294,0.01763696,1,0,3,0,0
19010082,112,large,0.23368972,0.01543234,1,0,3,0,0
19010083,125,large,0.37258078,0.02425082,1,0,3,0,0
19010083,126,large,0.37919464,0.02425082,1,0,3,0,0
19010083,132,large,0.47178868,0.0330693,2,0,3,0,0
19010083,123,large,0.3417161,0.022046200000000002,1,0,3,0,0
19010083,116,large,0.31085142,0.01763696,2,0,3,0,0
19010083,134,large,0.42990090000000003,0.03086468,1,0,3,0,0
19010083,126,large,0.3747854,0.02645544,1,0,3,0,0
19010083,115,large,0.27337288,0.01763696,2,0,2,0,0
19010084,126,large,0.3747854,0.02645544,1,0,3,0,0
19010084,130,large,0.45856096,0.0330693,1,0,3,1,1
19010084,116,large,0.27337288,0.01984158,2,0,3,0,0
19010084,127,large,0.40344546,0.03086468,2,0,3,1,0
19010084,116,large,0.2866006,0.01984158,2,0,3,0,0
19010084,126,large,0.40565008,0.02645544,2,0,2,1,0
19010084,118,large,0.32407914,0.01984158,1,0,3,0,0
19010084,118,large,0.30203294,0.022046200000000002,2,0,3,0,0
19010084,123,large,0.35935306,0.02425082,2,0,3,1,0
19010084,129,large,0.4078547,0.0330693,2,0,3,1,1
19010084,93,small,NA,NA,1,0,3,0,0
19010084,91,small,NA,NA,1,0,3,0,0
19010084,62,small,NA,NA,1,0,2,0,0
19010084,53,small,NA,NA,1,0,2,0,0
19010085,134,large,0.62611208,0.04188778,1,0,3,1,1
19010085,134,large,0.5776104400000001,0.0330693,1,1,3,1,1
19010085,132,large,0.46958406,0.02866006,1,0,3,0,0
19010085,136,large,0.52469956,0.03747854,1,1,3,1,1
19010085,143,large,0.53792728,0.04629702,2,0,3,1,0
19010085,135,large,0.45415172,0.03968316,2,0,3,0,0
19010085,124,large,0.37919464,0.022046200000000002,2,0,3,0,0
19010085,113,large,0.27998674,0.01543234,2,0,2,0,0
19010085,113,large,0.2866006,0.01763696,1,0,3,1,0
19010085,141,large,0.47178868,0.03747854,1,0,3,1,0
19010085,93,small,NA,NA,1,0,2,0,0
19010085,100,small,NA,NA,1,0,3,0,0
19010085,92,small,NA,NA,2,0,3,0,0
19010086,122,large,0.39021774,0.02866006,2,0,3,0,0
19010086,125,large,0.37258078,0.02645544,1,0,3,0,0
19010086,134,large,0.42990090000000003,0.0330693,2,0,3,0,0
19010086,122,large,0.35053458,0.02425082,1,0,3,0,0
19010086,133,large,0.43210552,0.02866006,1,0,3,0,0
19010086,127,large,0.41667318,0.02866006,2,0,3,0,0
19010086,125,large,0.37037616,0.02645544,1,0,3,0,0
19010086,140,large,0.4960395,0.03086468,2,0,3,0,0
19010086,134,large,0.4519471,0.02866006,2,0,3,1,1
19010086,132,large,0.3858085,0.02645544,2,0,3,1,1
19010087,128,large,0.5291088,0.04188778,2,0,3,1,1
19010087,130,large,0.53572266,0.03527392,1,0,3,1,1
19010087,122,large,0.34832996,0.01984158,1,0,3,0,0
19010087,119,large,0.31305604,0.01984158,1,0,3,0,0
19010087,135,large,0.42328704,0.02866006,1,0,3,1,0
19010087,117,large,0.3086468,0.022046200000000002,2,0,3,0,0
19010087,130,large,0.44753786,0.04188778,2,1,3,1,1
19010087,111,large,0.25573592,0.01763696,1,0,3,0,0
19010087,131,large,0.39903622,0.02645544,1,0,3,0,0
19010087,113,large,0.26675902,0.01763696,1,0,3,0,0
19010087,98,small,NA,NA,1,0,3,0,0
19010087,90,small,NA,NA,2,0,3,0,0
19010087,91,small,NA,NA,2,0,3,0,0
19010087,96,small,NA,NA,2,0,3,0,0
19010087,24,small,NA,NA,0,0,0,0,0
19010089,124,large,0.41446856,0.02866006,1,0,3,0,0
19010089,121,large,0.39242236,0.02425082,2,0,3,0,0
19010089,123,large,0.39021774,0.02425082,1,0,3,1,0
19010089,133,large,0.440924,0.02866006,1,0,3,1,1
19010089,128,large,0.35053458,0.02425082,2,0,3,0,0
19010090,151,large,0.67681834,0.04188778,2,0,3,1,0
19010090,103,large,0.20502966,0.011023100000000001,1,0,3,0,0
19010090,123,large,0.4078547,0.02425082,2,0,3,0,0
19010090,108,large,0.2645544,0.01543234,1,0,2,0,0
19010090,135,large,0.40344546,0.02866006,1,0,2,0,0
19010090,127,large,0.39242236,0.02645544,1,0,3,0,0
19010090,111,large,0.2535313,0.01322772,1,0,3,0,0
19010090,108,large,0.24691744,0.01543234,2,0,3,0,0
19010090,104,large,0.22707586,0.01543234,1,0,3,0,0
19010090,108,large,0.220462,0.01322772,1,0,3,0,0
19010090,94,small,NA,NA,1,0,3,0,0
19010090,97,small,NA,NA,1,0,3,0,0
19010090,95,small,NA,NA,2,0,3,0,0
19010090,31,small,NA,NA,0,0,0,0,0
19010091,134,large,0.51147184,0.03527392,1,0,3,0,0
19010091,130,large,0.41446856,0.02425082,1,0,3,0,0
19010091,144,large,0.59083816,0.04188778,1,0,3,0,0
19010091,130,large,0.43431014,0.02866006,1,0,3,0,0
19010091,130,large,0.49383488,0.02866006,1,1,3,1,0
19010091,124,large,0.36596692000000003,0.022046200000000002,1,0,3,0,0
19010091,104,large,0.1873927,0.01322772,2,0,2,0,0
19010091,139,large,0.50485798,0.03527392,1,1,3,1,1
19010091,102,large,0.20282504,0.011023100000000001,2,0,3,0,0
19010091,130,large,0.5004487400000001,0.01322772,2,1,2,1,1
19010091,98,small,NA,NA,1,0,2,0,0
19010091,88,small,NA,NA,1,0,2,0,0
19010091,96,small,NA,NA,1,0,3,0,0
19010091,95,small,NA,NA,1,0,3,0,0
19010091,99,small,NA,NA,1,0,3,0,0
19010091,98,small,NA,NA,1,0,3,0,0
19010091,96,small,NA,NA,2,0,2,0,0
19010091,92,small,NA,NA,2,0,2,0,0
19010091,99,small,NA,NA,2,0,3,0,0
19010091,97,small,NA,NA,2,0,3,0,0
19010092,134,large,0.47178868,0.03086468,0,1,3,0,0
19010092,132,large,0.43871938,0.0330693,2,0,3,0,0
19010092,133,large,0.4629702,0.03527392,1,1,3,1,1
19010092,119,large,0.2866006,0.01543234,2,0,3,0,0
19010092,119,large,0.31526066,0.01984158,1,0,3,0,0
19010092,114,large,0.26014516,0.01543234,1,0,3,0,0
19010092,112,large,0.23809896,0.01543234,2,0,3,0,0
19010092,122,large,0.31526066,0.01984158,2,0,3,0,0
19010092,101,large,0.18959732,0.01322772,2,0,2,0,0
19010092,124,large,0.3417161,0.02425082,2,0,3,0,0
19010092,99,small,NA,NA,1,0,2,0,0
19010092,94,small,NA,NA,1,0,2,0,0
19010092,95,small,NA,NA,2,0,3,0,0
19010092,38,small,NA,NA,0,0,0,0,0
19010092,29,small,NA,NA,0,0,0,0,0
19010092,27,small,NA,NA,0,0,0,0,0
19010092,32,small,NA,NA,0,0,0,0,0
19010092,34,small,NA,NA,0,0,0,0,0
19010092,32,small,NA,NA,0,0,0,0,0
19010092,29,small,NA,NA,0,0,0,0,0
19010093,135,large,0.41446856,0.0330693,2,0,2,0,0
19010093,119,large,0.37699002,0.02425082,1,0,3,0,0
19010093,128,large,0.3637623,0.02645544,2,0,3,0,0
19010093,125,large,0.37037616,0.02645544,1,0,3,0,0
19010093,123,large,0.34392072,0.02425082,2,0,3,0,0
19010093,124,large,0.37919464,0.01984158,2,0,3,0,0
19010093,125,large,0.33951148,0.022046200000000002,1,0,3,0,0
19010093,112,large,0.25794054,0.01763696,1,1,3,0,0
19010093,126,large,0.37258078,0.02425082,1,0,3,0,0
19010093,116,large,0.30644218,0.01763696,2,0,3,0,0
19010093,95,small,NA,NA,1,0,3,0,0
19010093,96,small,NA,NA,1,0,3,0,0
19010093,89,small,NA,NA,1,0,3,0,0
19010093,99,small,NA,NA,1,0,3,0,0
19010093,29,small,NA,NA,0,0,0,0,0
19010093,30,small,NA,NA,0,0,0,0,0
19010093,32,small,NA,NA,0,0,0,0,0
19010093,28,small,NA,NA,0,0,0,0,0
19010093,31,small,NA,NA,0,0,0,0,0
19010093,30,small,NA,NA,0,0,0,0,0
19010094,134,large,0.38801312,0.01984158,1,1,3,1,1
19010094,124,large,0.36817154,0.02645544,2,0,3,0,0
19010094,135,large,0.43871938,0.02866006,1,0,3,0,0
19010094,119,large,0.30203294,0.01984158,2,0,3,0,0
19010094,118,large,0.330693,0.01763696,1,0,3,0,0
19010094,113,large,0.26675902,0.01543234,2,0,3,0,0
19010094,111,large,0.2535313,0.01543234,1,0,3,0,0
19010094,126,large,0.43651476,0.02866006,2,0,3,0,0
19010094,110,large,0.26896364,0.01543234,1,0,3,0,0
19010094,128,large,0.38360388,0.02645544,2,0,3,0,0
19010094,96,small,NA,NA,1,0,3,0,0
19010094,96,small,NA,NA,1,0,3,0,0
19010094,98,small,NA,NA,1,0,3,0,0
19010094,96,small,NA,NA,1,0,3,0,0
19010094,34,small,NA,NA,0,0,0,0,0
19010094,27,small,NA,NA,0,0,0,0,0
19010094,29,small,NA,NA,0,0,0,0,0
19010094,27,small,NA,NA,0,0,0,0,0
19010094,24,small,NA,NA,0,0,0,0,0
19010094,28,small,NA,NA,0,0,0,0,0
19010095,125,large,0.39242236,0.02645544,2,0,3,0,0
19010095,115,large,0.3196699,0.01984158,1,0,3,0,0
19010095,126,large,0.38139926,0.02425082,2,0,2,0,0
19010095,139,large,0.52249494,0.03747854,2,0,3,1,0
19010095,154,large,0.69004606,0.05291088,2,0,3,1,0
19010095,118,large,0.30203294,0.022046200000000002,2,0,3,0,0
19010095,129,large,0.42769628,0.02645544,2,0,3,1,1
19010095,130,large,0.4629702,0.02645544,1,0,3,0,0
19010095,100,large,0.19621118,0.011023100000000001,1,0,3,0,0
19010095,100,large,0.220462,0.01322772,1,0,3,0,0
19010095,89,small,NA,NA,1,0,3,0,0
19010095,75,small,NA,NA,1,0,3,0,0
19010095,85,small,NA,NA,1,0,3,0,0
19010095,93,small,NA,NA,1,0,3,0,0
19010095,100,small,NA,NA,1,0,3,0,0
19010095,97,small,NA,NA,2,0,3,0,0
19010095,33,small,NA,NA,0,0,0,0,0
19010095,28,small,NA,NA,0,0,0,0,0
19010095,31,small,NA,NA,0,0,0,0,0
19010095,29,small,NA,NA,0,0,0,0,0
19010097,141,large,0.47619792,0.0330693,2,0,3,2,1
19010097,130,large,0.40565008,0.03086468,1,0,3,0,0
19010097,128,large,0.48060716,0.03527392,1,0,3,0,0
19010097,127,large,0.48281178,0.03086468,2,0,3,0,0
19010097,126,large,0.40344546,0.02866006,1,0,3,1,0
19010097,126,large,0.40565008,0.03086468,2,0,3,1,0
19010097,130,large,0.42108242,0.02866006,2,0,3,0,0
19010097,124,large,0.36596692000000003,0.022046200000000002,1,0,3,0,0
19010097,103,large,0.20062042,0.01322772,1,0,3,0,0
19010097,102,large,0.22928048,0.01322772,1,0,3,0,0
19010097,94,small,NA,NA,1,0,3,0,0
19010097,36,small,NA,NA,0,0,0,0,0
19010097,31,small,NA,NA,0,0,0,0,0
19010097,34,small,NA,NA,0,0,0,0,0
19010097,36,small,NA,NA,0,0,0,0,0
19010097,34,small,NA,NA,0,0,0,0,0
19010097,37,small,NA,NA,0,0,0,0,0
19010097,30,small,NA,NA,0,0,0,0,0
19010097,30,small,NA,NA,0,0,0,0,0
19010097,28,small,NA,NA,0,0,0,0,0
19010098,130,large,0.64154442,0.03968316,1,0,3,1,1
19010098,122,large,0.39242236,0.02645544,1,0,2,0,0
19010098,131,large,0.440924,0.03086468,1,0,3,1,1
19010098,108,large,0.24912206,0.01322772,1,0,3,0,0
19010098,132,large,0.41005932,0.02866006,2,0,3,0,1
19010098,119,large,0.31746528,0.01984158,1,0,3,0,0
19010098,125,large,0.36155768,0.01984158,2,0,3,0,0
19010098,121,large,0.35494382,0.022046200000000002,1,0,3,0,0
19010098,108,large,0.25132668,0.01543234,2,0,2,0,0
19010098,104,large,0.20723428,0.011023100000000001,2,0,3,0,0
19010098,68,small,NA,NA,1,0,2,0,0
19010098,88,small,NA,NA,1,0,3,0,0
19010098,95,small,NA,NA,1,0,3,0,0
19010098,94,small,NA,NA,2,0,3,0,0
19010098,93,small,NA,NA,2,0,3,0,0
19010098,91,small,NA,NA,2,0,3,0,0
19010098,30,small,NA,NA,0,0,0,0,0
19010098,25,small,NA,NA,0,0,0,0,0
19010098,24,small,NA,NA,0,0,0,0,0
19010098,24,small,NA,NA,0,0,0,0,0
19010099,136,large,0.47840254,0.04188778,2,0,3,1,0
19010099,132,large,0.44974248,0.02866006,2,0,2,0,0
19010099,143,large,0.54895038,0.044092400000000004,2,0,3,1,1
19010099,131,large,0.41446856,0.02645544,2,0,3,0,0
19010099,126,large,0.3858085,0.03086468,1,0,3,0,0
19010099,128,large,0.39462698,0.02645544,2,0,3,0,0
19010099,123,large,0.3196699,0.02425082,1,0,3,0,0
19010099,129,large,0.3747854,0.02425082,2,0,3,0,0
19010099,115,large,0.2866006,0.01984158,1,0,3,0,0
19010099,98,large,0.20502966,0.01543234,1,0,3,0,0
19010099,94,small,NA,NA,1,0,3,0,0
19010099,87,small,NA,NA,1,0,3,0,0
19010099,87,small,NA,NA,1,0,3,0,0
19010099,93,small,NA,NA,1,0,3,0,0
19010099,95,small,NA,NA,1,0,3,0,0
19010099,95,small,NA,NA,2,0,3,0,0
19010099,29,small,NA,NA,0,0,0,0,0
19010099,30,small,NA,NA,0,0,0,0,0
19010099,31,small,NA,NA,0,0,0,0,0
19010099,21,small,NA,NA,0,0,0,0,0
19010100,141,large,0.57981506,0.0330693,2,0,3,1,0
19010100,128,large,0.4850164,0.0330693,2,0,3,0,0
19010100,134,large,0.51588108,0.0330693,1,0,3,0,0
19010100,123,large,0.43431014,0.02425082,1,0,3,1,1
19010100,128,large,0.41667318,0.02645544,1,0,3,1,0
19010100,126,large,0.46076558,0.03086468,1,0,3,0,0
19010100,125,large,0.39242236,0.02425082,1,0,3,0,0
19010100,128,large,0.3968316,0.02425082,1,0,3,0,0
19010100,127,large,0.41005932,0.02866006,1,0,3,0,0
19010100,105,large,0.24471282,0.01322772,2,0,2,0,0
19010100,70,small,NA,NA,1,0,2,0,0
19010100,95,small,NA,NA,1,0,3,0,0
19010100,96,small,NA,NA,2,0,3,0,0
19010100,75,small,NA,NA,2,0,3,0,0
19010100,33,small,NA,NA,0,0,0,0,0
19010100,33,small,NA,NA,0,0,0,0,0
19010100,27,small,NA,NA,0,0,0,0,0
19010100,27,small,NA,NA,0,0,0,0,0
19010100,24,small,NA,NA,0,0,0,0,0
19010100,22,small,NA,NA,0,0,0,0,0
19010101,135,large,0.5952474,0.02645544,2,1,3,1,1
19010101,154,large,0.67902296,0.03747854,2,0,3,1,0
19010101,140,large,0.58642892,0.03747854,1,0,3,1,1
19010101,124,large,0.43651476,0.02425082,2,0,3,1,1
19010101,129,large,0.52249494,0.02645544,1,0,3,1,0
19010101,118,large,0.3417161,0.01543234,1,0,3,1,1
19010101,135,large,0.4960395,0.03527392,1,0,3,1,0
19010101,114,large,0.29541908,0.01543234,1,0,3,0,0
19010101,130,large,0.46517482,0.02866006,2,0,3,1,0
19010101,130,large,0.47619792,0.0330693,1,0,3,1,0
19010101,37,small,NA,NA,0,0,0,0,0
19010101,37,small,NA,NA,0,0,0,0,0
19010101,32,small,NA,NA,0,0,0,0,0
19010101,27,small,NA,NA,0,0,0,0,0
19010102,132,large,0.54454114,0.02425082,2,0,3,1,0
19010102,135,large,0.45856096,0.02866006,1,0,3,1,0
19010102,124,large,0.41226394,0.03086468,1,0,3,1,0
19010102,129,large,0.48722102,0.03086468,2,0,3,0,0
19010102,126,large,0.48942564,0.03086468,1,0,3,1,0
19010102,127,large,0.440924,0.0330693,1,0,3,1,0
19010102,133,large,0.45415172,0.03086468,2,0,3,2,0
19010102,104,large,0.25132668,0.01543234,1,0,3,0,0
19010102,112,large,0.28880522000000003,0.01543234,2,0,3,0,0
19010102,112,large,0.27116826,0.01543234,2,0,3,0,0
19010102,65,small,NA,NA,1,0,2,0,0
19010102,96,small,NA,NA,1,0,3,0,0
19010102,71,small,NA,NA,1,0,3,0,0
19010102,74,small,NA,NA,2,0,2,0,0
19010102,38,small,NA,NA,0,0,0,0,0
19010102,33,small,NA,NA,0,0,0,0,0
19010102,33,small,NA,NA,0,0,0,0,0
19010102,31,small,NA,NA,0,0,0,0,0
19010102,30,small,NA,NA,0,0,0,0,0
19010102,27,small,NA,NA,0,0,0,0,0
19010103,130,large,0.53572266,0.0330693,1,0,3,1,0
19010103,125,large,0.42328704,0.022046200000000002,1,0,3,1,0
19010103,128,large,0.39242236,0.02866006,1,0,3,1,0
19010103,127,large,0.45635634,0.02425082,1,0,3,1,0
19010103,117,large,0.36596692000000003,0.01543234,1,0,3,0,0
19010103,126,large,0.50265336,0.02866006,1,0,3,1,0
19010103,114,large,0.30203294,0.01763696,1,0,3,1,0
19010103,103,large,0.2425082,0.01322772,1,0,3,1,0
19010103,114,large,0.30423756,0.01763696,1,0,3,0,0
19010103,104,large,0.25794054,0.01322772,1,0,3,0,0
19010103,77,small,NA,NA,1,0,2,0,0
19010103,101,small,NA,NA,1,0,2,0,0
19010103,78,small,NA,NA,1,0,2,0,0
19010103,78,small,NA,NA,1,0,2,0,0
19010103,73,small,NA,NA,1,0,2,0,0
19010103,73,small,NA,NA,1,0,2,0,0
19010103,72,small,NA,NA,1,0,2,0,0
19010103,77,small,NA,NA,2,0,2,0,0
19010103,NA,small,NA,NA,2,0,3,0,0
19010103,74,small,NA,NA,2,0,3,0,0
19010104,124,large,0.38139926,0.02425082,2,0,3,1,0
19010104,126,large,0.48942564,0.03086468,2,0,3,0,0
19010104,135,large,0.57540582,0.03747854,1,0,3,1,1
19010104,134,large,0.5732012,0.03747854,1,0,3,1,0
19010104,119,large,0.50485798,0.02866006,2,0,3,0,0
19010104,133,large,0.48281178,0.02866006,2,0,3,1,0
19010104,118,large,0.38360388,0.02645544,1,0,3,1,0
19010104,125,large,0.40124084,0.02866006,2,0,3,0,0
19010104,128,large,0.4188778,0.02645544,2,0,3,1,0
19010104,103,large,0.21825738,0.011023100000000001,2,0,3,0,0
19010104,65,small,NA,NA,1,0,2,0,0
19010104,88,small,NA,NA,1,0,3,0,0
19010104,95,small,NA,NA,1,0,3,0,0
19010104,74,small,NA,NA,2,0,2,0,0
19010104,92,small,NA,NA,2,0,3,0,0
19010104,27,small,NA,NA,0,0,0,0,0
19010104,32,small,NA,NA,0,0,0,0,0
19010104,33,small,NA,NA,0,0,0,0,0
19010104,29,small,NA,NA,0,0,0,0,0
19010104,25,small,NA,NA,0,0,0,0,0
19010106,118,large,0.34612534,0.02425082,2,0,3,0,0
19010106,131,large,0.4960395,0.0330693,1,0,3,1,1
19010106,124,large,0.3637623,0.02866006,2,0,3,0,0
19010106,131,large,0.42549166,0.02645544,2,0,3,0,0
19010106,118,large,0.33510224,0.02425082,1,0,3,0,0
19010106,128,large,0.3968316,0.0330693,1,0,3,0,0
19010106,127,large,0.40565008,0.02645544,2,0,3,1,0
19010106,125,large,0.37699002,0.03086468,2,0,3,0,0
19010106,125,large,0.42108242,0.02425082,1,0,3,0,0
19010106,104,large,0.22928048,0.01543234,1,0,3,0,1
19010106,73,small,NA,NA,1,0,2,0,0
19010106,68,small,NA,NA,1,0,2,0,0
19010106,95,small,NA,NA,1,0,3,0,0
19010106,101,small,NA,NA,1,0,3,0,0
19010106,75,small,NA,NA,1,0,3,0,0
19010106,92,small,NA,NA,1,0,3,0,0
19010106,97,small,NA,NA,1,0,3,0,0
19010106,73,small,NA,NA,2,0,2,0,0
19010106,28,small,NA,NA,0,0,0,0,0
19010106,26,small,NA,NA,0,0,0,0,0
19010107,143,large,0.59745202,0.04850164,2,0,3,0,1
19010107,119,large,0.32407914,0.022046200000000002,1,0,3,0,0
19010107,114,large,0.27337288,0.01763696,1,0,3,0,0
19010107,118,large,0.2425082,0.01543234,2,0,3,0,0
19010107,118,large,0.2535313,0.01543234,2,0,3,0,0
19010107,116,large,0.24912206,0.01543234,1,0,3,0,0
19010107,136,large,0.4519471,0.03527392,2,0,3,1,0
19010107,114,large,0.27778212,0.01984158,1,0,3,0,0
19010107,137,large,0.43210552,0.02866006,1,0,3,0,1
19010107,122,large,0.31305604,0.01984158,1,0,3,0,0
19010107,77,small,NA,NA,1,0,2,0,0
19010107,67,small,NA,NA,1,0,2,0,0
19010107,74,small,NA,NA,1,0,2,0,0
19010107,72,small,NA,NA,1,0,2,0,0
19010107,75,small,NA,NA,2,0,2,0,0
19010107,71,small,NA,NA,2,0,2,0,0
19010107,101,small,NA,NA,2,0,3,0,0
19010107,91,small,NA,NA,2,0,3,0,0
19010107,97,small,NA,NA,2,0,3,0,0
19010107,96,small,NA,NA,2,0,3,0,0
19010109,121,large,0.37919464,0.03747854,2,0,3,0,0
19010109,134,large,0.46958406,0.02866006,2,0,3,1,0
19010109,123,large,0.39242236,0.03527392,1,0,3,0,0
19010109,134,large,0.5291088,0.05291088,2,0,2,0,0
19010109,136,large,0.49383488,0.03747854,2,0,2,0,0
19010109,133,large,0.45635634,0.04188778,2,1,3,0,0
19010109,135,large,0.40124084,0.03747854,1,0,3,0,0
19010109,137,large,0.46517482,0.03968316,2,0,3,1,1
19010109,130,large,0.39903622,0.04188778,1,0,3,1,0
19010109,122,large,0.32848838,0.02866006,2,0,3,0,0
19010109,74,small,NA,NA,1,0,2,0,0
19010109,68,small,NA,NA,1,0,2,0,0
19010109,67,small,NA,NA,1,0,2,0,0
19010109,74,small,NA,NA,1,0,2,0,0
19010109,78,small,NA,NA,1,0,2,0,0
19010109,66,small,NA,NA,1,0,2,0,0
19010110,143,large,0.52249494,0.04188778,2,0,2,1,0
19010110,133,large,0.46958406,0.02866006,2,0,2,0,0
19010110,126,large,0.43871938,0.03086468,1,0,3,0,0
19010110,134,large,0.39021774,0.03968316,2,0,3,0,0
19010110,143,large,0.54233652,0.044092400000000004,1,1,3,1,0
19010110,135,large,0.43431014,0.044092400000000004,2,0,2,0,0
19010110,148,large,0.60847512,0.04188778,2,0,2,1,1
19010110,150,large,0.67020448,0.04850164,2,0,3,1,1
19010110,134,large,0.4960395,0.03747854,1,0,3,0,0
19010110,128,large,0.35273920000000003,0.0330693,1,0,3,0,0
19010110,102,small,NA,NA,1,0,2,0,0
19010110,73,small,NA,NA,1,0,2,0,0
19010111,80,small,NA,NA,2,0,3,0,0
19010111,77,small,NA,NA,2,0,3,0,0
19010112,124,large,0.39021774,0.02866006,1,0,3,0,0
19010112,131,large,0.42990090000000003,0.02645544,1,0,3,1,1
19010112,124,large,0.34612534,0.02645544,1,0,3,0,0
19010112,127,large,0.33730686,0.02645544,1,0,3,0,0
19010112,115,large,0.27337288,0.01984158,1,0,3,1,0
19010112,125,large,0.36155768,0.02645544,2,0,3,1,1
19010112,124,large,0.3196699,0.02866006,1,0,3,0,0
19010112,132,large,0.440924,0.03968316,2,0,3,1,1
19010112,118,large,0.2866006,0.01763696,2,0,3,0,0
19010112,124,large,0.35494382,0.02866006,2,0,2,0,0
19010112,84,small,NA,NA,2,0,3,0,0
19010112,71,small,NA,NA,1,0,2,0,0
19010112,73,small,NA,NA,1,0,2,0,0
19010112,73,small,NA,NA,1,0,2,0,0
19010112,69,small,NA,NA,1,0,2,0,0
19010112,64,small,NA,NA,1,0,2,0,0
19010112,64,small,NA,NA,1,0,2,0,0
19010112,65,small,NA,NA,1,0,2,0,0
19010112,54,small,NA,NA,1,0,2,0,0
19010112,64,small,NA,NA,0,0,5,0,0
19010114,135,large,0.43651476,0.0330693,2,0,2,1,0
19010114,122,large,0.39021774,0.03086468,2,0,2,1,1
19010114,123,large,0.39462698,0.03527392,2,0,2,0,0
19010114,128,large,0.35935306,0.02866006,2,0,2,1,0
19010114,126,large,0.34612534,0.03086468,2,0,2,1,0
19010114,143,large,0.44753786,0.0330693,2,0,3,0,0
19010114,126,large,0.35494382,0.02866006,1,0,3,0,0
19010114,121,large,0.29982832,0.02645544,1,0,3,0,0
19010114,126,large,0.32187452,0.02425082,1,0,3,0,0
19010114,126,large,0.37699002,0.0330693,2,0,3,0,0
19010114,98,small,NA,NA,1,0,3,0,0
19010114,90,small,NA,NA,1,0,3,0,0
19010114,81,small,NA,NA,1,0,3,0,0
19010114,80,small,NA,NA,1,0,3,0,0
19010114,79,small,NA,NA,1,0,3,0,0
19010114,94,small,NA,NA,1,0,2,0,0
19010114,73,small,NA,NA,1,0,2,0,0
19010114,76,small,NA,NA,1,0,2,0,0
19010114,61,small,NA,NA,1,0,2,0,0
19010114,58,small,NA,NA,1,0,2,0,0
19010115,129,large,0.49163026,0.02866006,2,0,3,0,0
19010115,137,large,0.5070626,0.03086468,1,0,3,1,1
19010115,129,large,0.54233652,0.03086468,1,0,3,1,1
19010115,139,large,0.57540582,0.02425082,1,0,3,0,1
19010115,142,large,0.6062705,0.03747854,2,0,3,1,0
19010115,129,large,0.42549166,0.02645544,1,0,3,1,0
19010115,128,large,0.3747854,0.03086468,2,0,3,0,0
19010115,134,large,0.46737944,0.0330693,2,0,3,0,0
19010115,109,large,0.24912206,0.01543234,2,0,3,0,0
19010115,132,large,0.43871938,0.03527392,1,0,3,1,0
19010115,34,small,NA,NA,0,0,0,0,0
19010115,29,small,NA,NA,0,0,0,0,0
19010115,28,small,NA,NA,0,0,0,0,0
19010115,27,small,NA,NA,0,0,0,0,0
19010115,27,small,NA,NA,0,0,0,0,0
19010115,26,small,NA,NA,0,0,0,0,0
19010115,23,small,NA,NA,0,0,0,0,0
19010116,129,large,0.51147184,0.03086468,1,0,3,0,1
19010116,141,large,0.69665992,0.03527392,1,0,3,0,1
19010116,134,large,0.53792728,0.03086468,2,0,3,0,0
19010116,136,large,0.55997348,0.02866006,2,0,3,1,1
19010116,143,large,0.5776104400000001,0.0330693,2,0,3,0,0
19010116,141,large,0.53572266,0.03527392,2,0,3,0,0
19010116,123,large,0.46958406,0.02425082,1,0,3,1,0
19010116,134,large,0.46958406,0.02425082,2,0,3,0,0
19010116,111,large,0.26014516,0.01543234,1,0,3,0,0
19010116,106,large,0.28880522000000003,0.01322772,1,0,3,0,0
19010116,74,small,NA,NA,1,0,2,0,0
19010116,73,small,NA,NA,1,0,3,0,0
19010116,81,small,NA,NA,2,0,3,0,0
19010116,96,small,NA,NA,2,0,3,0,0
19010116,34,small,NA,NA,0,0,0,0,0
19010116,29,small,NA,NA,0,0,0,0,0
19010116,26,small,NA,NA,0,0,0,0,0
19010117,131,large,0.43431014,0.02645544,2,0,3,1,0
19010117,137,large,0.53131342,0.03527392,1,0,3,1,0
19010117,124,large,0.46517482,0.02425082,2,0,3,1,0
19010117,132,large,0.49824412,0.02866006,1,0,3,1,0
19010117,110,large,0.33951148,0.01763696,2,0,3,1,0
19010117,126,large,0.42328704,0.02645544,2,0,3,1,0
19010117,132,large,0.51367646,0.0330693,1,0,3,1,1
19010117,122,large,0.37919464,0.022046200000000002,2,0,3,0,0
19010117,123,large,0.3747854,0.02645544,2,0,3,0,0
19010117,120,large,0.33951148,0.02645544,1,0,3,1,0
19010117,96,small,NA,NA,1,0,3,0,0
19010117,76,small,NA,NA,2,0,2,0,0
19010117,75,small,NA,NA,2,0,2,0,0
19010117,94,small,NA,NA,2,0,3,0,0
19010117,36,small,NA,NA,0,0,0,0,0
19010117,36,small,NA,NA,0,0,0,0,0
19010117,39,small,NA,NA,0,0,0,0,0
19010117,34,small,NA,NA,0,0,0,0,0
19010117,33,small,NA,NA,0,0,0,0,0
19010118,133,large,0.46737944,0.02645544,1,0,3,1,0
19010118,129,large,0.4629702,0.02645544,2,0,3,0,0
19010118,126,large,0.47840254,0.02645544,1,0,3,1,0
19010118,119,large,0.37919464,0.022046200000000002,2,0,3,1,0
19010118,125,large,0.4629702,0.02425082,1,0,3,1,0
19010118,120,large,0.35935306,0.02425082,1,0,3,0,0
19010118,120,large,0.38360388,0.022046200000000002,2,0,3,0,0
19010118,114,large,0.33951148,0.01763696,1,0,3,1,0
19010118,125,large,0.39242236,0.02425082,1,0,3,1,0
19010118,113,large,0.31085142,0.01984158,2,0,3,0,0
19010118,71,small,NA,NA,1,0,2,0,0
19010118,70,small,NA,NA,1,0,2,0,0
19010118,82,small,NA,NA,1,0,3,0,0
19010118,76,small,NA,NA,1,0,3,0,0
19010118,74,small,NA,NA,2,0,3,0,0
19010118,39,small,NA,NA,0,0,0,0,0
19010118,36,small,NA,NA,0,0,0,0,0
19010118,35,small,NA,NA,0,0,0,0,0
19010118,37,small,NA,NA,0,0,0,0,0
19010118,36,small,NA,NA,0,0,0,0,0
19010119,131,large,0.5291088,0.03527392,2,0,3,0,1
19010119,152,large,0.72972922,0.04850164,1,0,3,0,1
19010119,107,large,0.29541908,0.01543234,2,0,3,0,0
19010119,115,large,0.33730686,0.022046200000000002,2,0,3,0,0
19010119,127,large,0.54233652,0.02645544,2,0,3,0,0
19010119,120,large,0.37919464,0.022046200000000002,1,0,3,0,0
19010119,132,large,0.52249494,0.03527392,1,0,3,0,0
19010119,113,large,0.30423756,0.01543234,1,0,3,0,0
19010119,132,large,0.43210552,0.02425082,1,0,3,1,0
19010119,120,large,0.37919464,0.022046200000000002,1,0,3,0,0
19010119,65,small,NA,NA,1,0,2,0,0
19010119,87,small,NA,NA,1,0,3,0,0
19010119,78,small,NA,NA,2,0,2,0,0
19010119,100,small,NA,NA,2,0,3,0,0
19010119,43,small,NA,NA,0,0,0,0,0
19010119,35,small,NA,NA,0,0,0,0,0
19010119,42,small,NA,NA,0,0,0,0,0
19010119,39,small,NA,NA,0,0,0,0,0
19010119,34,small,NA,NA,0,0,0,0,0
19010119,34,small,NA,NA,0,0,0,0,0
19010120,141,large,0.6547721400000001,0.03086468,1,0,3,1,0
19010120,134,large,0.54895038,0.02425082,1,1,3,1,0
19010120,132,large,0.52469956,0.0330693,2,0,3,0,0
19010120,141,large,0.5952474,0.03747854,1,0,3,1,0
19010120,124,large,0.57540582,0.03527392,2,0,3,1,1
19010120,108,large,0.29100984,0.01543234,2,0,3,0,0
19010120,128,large,0.49163026,0.02645544,2,0,3,1,1
19010120,115,large,0.30423756,0.01984158,1,0,3,0,0
19010120,121,large,0.34392072,0.022046200000000002,1,0,3,0,0
19010120,108,large,0.24030358,0.01322772,1,0,3,1,0
19010120,68,small,NA,NA,1,0,2,0,0
19010120,66,small,NA,NA,1,0,2,0,0
19010120,93,small,NA,NA,1,0,3,0,0
19010120,74,small,NA,NA,1,0,3,0,0
19010120,79,small,NA,NA,1,0,3,0,0
19010120,101,small,NA,NA,2,0,3,0,0
19010120,33,small,NA,NA,0,0,0,0,0
19010120,31,small,NA,NA,0,0,0,0,0
19010120,34,small,NA,NA,0,0,0,0,0
19010120,29,small,NA,NA,0,0,0,0,0
19010122,140,large,0.54895038,0.0330693,1,0,2,0,1
19010122,137,large,0.56658734,0.0330693,1,0,3,1,1
19010122,126,large,0.5004487400000001,0.02866006,1,0,3,1,1
19010122,124,large,0.41226394,0.01984158,2,0,3,0,0
19010122,134,large,0.57099658,0.03968316,2,0,3,0,0
19010122,118,large,0.40344546,0.022046200000000002,1,0,3,0,0
19010122,131,large,0.4629702,0.02645544,1,0,3,0,1
19010122,128,large,0.42549166,0.02645544,1,0,3,0,0
19010122,136,large,0.45415172,0.0330693,1,0,3,1,1
19010122,131,large,0.39462698,0.02425082,1,0,3,0,0
19010122,73,small,NA,NA,1,0,2,0,0
19010122,71,small,NA,NA,1,0,2,0,0
19010122,84,small,NA,NA,2,0,3,0,0
19010122,79,small,NA,NA,2,0,3,0,0
19010122,78,small,NA,NA,2,0,3,0,0
19010122,71,small,NA,NA,2,0,3,0,0
19010122,38,small,NA,NA,0,0,0,0,0
19010122,33,small,NA,NA,0,0,0,0,0
19010122,31,small,NA,NA,0,0,0,0,0
19010122,29,small,NA,NA,0,0,0,0,0
19010123,119,large,0.34392072,0.01984158,2,0,3,0,0
19010123,123,large,0.39903622,0.02425082,1,0,3,0,0
19010123,136,large,0.47178868,0.03527392,2,0,3,0,1
19010123,112,large,0.27998674,0.01543234,2,0,3,0,0
19010123,128,large,0.35494382,0.01984158,1,0,3,0,0
19010123,124,large,0.36817154,0.01984158,1,0,3,0,0
19010123,139,large,0.4629702,0.03747854,1,0,3,1,1
19010123,124,large,0.3637623,0.01984158,2,0,3,0,0
19010123,126,large,0.39462698,0.022046200000000002,1,0,3,0,0
19010123,119,large,0.32407914,0.022046200000000002,1,0,3,0,0
19010123,74,small,NA,NA,1,0,2,0,0
19010123,71,small,NA,NA,1,0,2,0,0
19010123,68,small,NA,NA,1,0,2,0,0
19010123,66,small,NA,NA,1,0,2,0,0
19010123,69,small,NA,NA,1,0,2,0,0
19010123,60,small,NA,NA,1,0,2,0,0
19010123,74,small,NA,NA,1,0,3,0,0
19010123,75,small,NA,NA,1,0,3,0,0
19010123,102,small,NA,NA,2,0,3,0,0
19010123,76,small,NA,NA,1,0,3,0,0
19010124,127,large,0.4850164,0.022046200000000002,1,0,3,1,0
19010124,134,large,0.44974248,0.03747854,1,0,3,0,0
19010124,137,large,0.5291088,0.03527392,1,0,3,1,0
19010124,134,large,0.46076558,0.02645544,1,0,3,0,0
19010124,126,large,0.40565008,0.022046200000000002,1,0,3,1,0
19010124,125,large,0.38139926,0.01984158,1,0,3,0,0
19010124,121,large,0.32848838,0.02425082,2,0,3,0,0
19010124,125,large,0.41446856,0.02425082,1,0,3,0,0
19010124,128,large,0.43431014,0.0330693,2,0,3,1,0
19010124,146,large,0.60186126,0.03968316,2,0,3,0,1
19010124,74,small,NA,NA,1,0,2,0,0
19010124,74,small,NA,NA,1,0,3,0,0
19010124,79,small,NA,NA,2,0,3,0,0
19010124,78,small,NA,NA,2,0,3,0,0
19010124,29,small,NA,NA,0,0,0,0,0
19010124,31,small,NA,NA,0,0,0,0,0
19010124,36,small,NA,NA,0,0,0,0,0
19010124,37,small,NA,NA,0,0,0,0,0
19010124,26,small,NA,NA,0,0,0,0,0
19010125,124,large,0.51147184,0.0330693,1,0,3,1,0
19010125,131,large,0.49824412,0.0330693,2,0,3,0,0
19010125,134,large,0.50265336,0.0330693,1,0,3,1,0
19010125,119,large,0.33730686,0.01763696,1,0,3,0,0
19010125,116,large,0.30423756,0.01984158,1,0,3,1,0
19010125,110,large,0.31305604,0.01763696,1,0,3,0,0
19010125,121,large,0.34392072,0.022046200000000002,1,0,3,0,0
19010125,118,large,0.32407914,0.01763696,1,0,3,0,0
19010125,114,large,0.2866006,0.01763696,2,0,3,0,0
19010125,110,large,0.2866006,0.01763696,1,0,3,0,0
19010125,70,small,NA,NA,1,0,2,0,0
19010125,96,small,NA,NA,1,0,3,0,0
19010125,73,small,NA,NA,2,0,2,0,0
19010125,100,small,NA,NA,2,0,3,0,0
19010125,96,small,NA,NA,2,0,3,0,0
19010125,78,small,NA,NA,2,0,3,0,0
19010125,82,small,NA,NA,2,0,3,0,0
19010125,38,small,NA,NA,0,0,0,0,0
19010125,34,small,NA,NA,0,0,0,0,0
19010125,30,small,NA,NA,0,0,0,0,0
19010126,126,large,0.43871938,0.02425082,2,0,3,0,0
19010126,112,large,0.33510224,0.01322772,2,0,3,0,1
19010126,122,large,0.35494382,0.01984158,1,0,3,0,0
19010126,128,large,0.48942564,0.03527392,1,0,3,0,0
19010126,134,large,0.58642892,0.03086468,2,0,3,0,2
19010126,138,large,0.48722102,0.02645544,1,0,3,0,0
19010126,125,large,0.34612534,0.022046200000000002,2,0,3,0,0
19010126,124,large,0.46517482,0.022046200000000002,1,0,3,0,0
19010126,122,large,0.3417161,0.022046200000000002,2,0,3,0,0
19010126,108,large,0.22487124,0.01322772,2,0,3,0,0
19010126,24,small,NA,NA,0,0,0,0,0
19010126,25,small,NA,NA,0,0,0,0,0
19010126,62,small,NA,NA,1,0,2,0,0
19010126,57,small,NA,NA,1,0,2,0,0
19010126,76,small,NA,NA,1,0,2,0,0
19010126,68,small,NA,NA,1,0,3,0,0
19010126,73,small,NA,NA,1,0,3,0,0
19010126,73,small,NA,NA,1,0,3,0,0
19010126,100,small,NA,NA,2,0,3,0,0
19010126,80,small,NA,NA,2,0,3,0,0
19010127,139,large,0.55556424,0.03747854,2,0,3,0,1
19010127,125,large,0.3747854,0.022046200000000002,1,0,3,0,0
19010127,123,large,0.43431014,0.01984158,1,0,3,0,0
19010127,121,large,0.37919464,0.03086468,2,0,3,0,0
19010127,134,large,0.42328704,0.02645544,2,0,3,0,0
19010127,123,large,0.39021774,0.022046200000000002,1,0,3,1,0
19010127,134,large,0.46737944,0.02645544,2,0,3,1,1
19010127,135,large,0.44974248,0.0330693,1,0,3,1,1
19010127,132,large,0.48722102,0.03086468,2,0,3,1,0
19010127,106,large,0.19621118,0.01322772,2,0,3,0,0
19010127,68,small,NA,NA,1,0,2,0,0
19010127,64,small,NA,NA,1,0,2,0,0
19010127,87,small,NA,NA,1,0,3,0,0
19010127,99,small,NA,NA,1,0,3,0,0
19010127,94,small,NA,NA,1,0,3,0,0
19010127,72,small,NA,NA,2,0,2,0,0
19010127,74,small,NA,NA,2,0,2,0,0
19010127,91,small,NA,NA,2,0,3,0,0
19010127,78,small,NA,NA,2,0,3,0,0
19010127,31,small,NA,NA,0,0,0,0,0
19010128,135,large,0.5070626,0.03747854,1,0,3,1,0
19010128,122,large,0.37258078,0.02645544,1,0,3,0,0
19010128,131,large,0.43431014,0.03527392,1,0,3,0,0
19010128,133,large,0.5952474,0.0330693,1,0,3,0,0
19010128,125,large,0.47178868,0.03086468,2,0,3,0,0
19010128,134,large,0.49383488,0.03086468,2,0,3,0,0
19010128,124,large,0.48942564,0.02645544,1,0,3,0,0
19010128,122,large,0.37919464,0.02866006,1,0,3,0,0
19010128,126,large,0.40344546,0.03086468,1,0,3,0,0
19010128,109,large,0.3086468,0.01763696,2,0,3,0,0
19010128,88,small,NA,NA,1,0,3,0,0
19010128,89,small,NA,NA,1,0,3,0,0
19010128,65,small,NA,NA,1,0,2,0,0
19010128,68,small,NA,NA,1,0,2,0,0
19010128,57,small,NA,NA,1,0,2,0,0
19010128,53,small,NA,NA,0,0,0,0,0
19010128,50,small,NA,NA,0,0,0,0,0
19010128,66,small,NA,NA,1,0,2,0,0
19010128,53,small,NA,NA,1,0,2,0,0
19010128,29,small,NA,NA,0,0,0,0,0
19010130,141,large,0.6062705,0.044092400000000004,2,0,3,1,1
19010130,160,large,0.881848,0.06172936,2,0,3,1,0
19010130,136,large,0.62611208,0.03747854,2,0,3,1,1
19010130,141,large,0.62611208,0.03968316,1,0,3,1,0
19010130,153,large,0.6393398,0.05732012,1,0,3,0,0
19010130,143,large,0.6172936,0.044092400000000004,2,0,3,1,1
19010130,143,large,0.6547721400000001,0.03747854,2,0,3,1,1
19010130,NA,large,0.8157094,0.06393398,1,0,3,1,0
19010130,148,large,0.64154442,0.044092400000000004,1,0,3,1,0
19010130,135,large,0.7605939,0.044092400000000004,2,0,3,1,0
19010131,165,large,0.92373578,0.0551155,1,1,3,1,0
19010131,155,large,0.83114174,0.06172936,2,0,3,1,0
19010131,145,large,0.63713518,0.04188778,1,1,3,1,1
19010131,155,large,0.86641566,0.03968316,2,0,3,1,1
19010131,155,large,0.90168958,0.05291088,1,1,3,1,1
19010131,114,large,0.33510224,0.01984158,2,0,3,0,0
19010131,137,large,0.51367646,0.02645544,1,1,3,1,0
19010131,153,large,0.59745202,0.03968316,1,1,3,1,1
19010131,143,large,0.59965664,0.04629702,1,1,3,1,0
19010131,45,small,NA,NA,0,0,0,0,0
19010131,36,small,NA,NA,0,0,0,0,0
19010132,160,large,0.93255426,0.05070626,2,1,3,1,1
19010132,155,large,0.72311536,0.05291088,2,0,3,1,1
19010132,143,large,0.64154442,0.04850164,2,0,3,0,0
19010132,152,large,0.771617,0.03968316,2,0,3,0,0
19010132,146,large,0.6724091,0.03747854,1,0,3,1,1
19010132,145,large,0.63272594,0.03527392,1,0,3,0,0
19010132,142,large,0.54895038,0.05070626,2,0,3,0,1
19010132,75,small,NA,NA,1,0,3,0,0
19010132,72,small,NA,NA,2,0,3,0,0
19010132,46,small,NA,NA,0,0,0,0,0
19010132,43,small,NA,NA,0,0,0,0,0
19010132,37,small,NA,NA,0,0,0,0,0
19010133,164,large,0.9590097,0.05070626,1,1,3,1,0
19010133,151,large,0.7936632,0.05291088,1,0,3,1,1
19010133,133,large,0.48281178,0.03968316,2,0,3,1,1
19010133,142,large,0.6172936,0.02645544,1,0,3,1,1
19010133,147,large,0.78484472,0.0551155,2,0,3,1,1
19010133,155,large,0.771617,0.0330693,2,0,3,0,0
19010133,157,large,0.8267325,0.0661386,1,0,3,0,0
19010133,151,large,0.6547721400000001,0.05070626,2,0,3,0,0
19010133,140,large,0.55556424,0.04188778,1,0,3,0,0
19010133,126,large,0.41446856,0.02866006,1,0,3,1,0
19010134,157,large,0.7319338400000001,0.05291088,1,0,3,0,0
19010134,150,large,0.71209226,0.03527392,1,0,3,0,0
19010134,161,large,0.74736618,0.0551155,2,0,3,0,0
19010134,141,large,0.5776104400000001,0.03747854,1,0,3,0,0
19010134,152,large,0.6283167,0.03747854,1,0,3,0,1
19010134,145,large,0.49824412,0.01984158,2,0,3,1,0
19010134,131,large,0.44974248,0.0330693,1,0,3,1,0
19010134,155,large,0.76941238,0.04850164,1,0,3,0,0
19010134,147,large,0.63052132,0.044092400000000004,1,0,3,0,0
19010134,144,large,0.52469956,0.02645544,1,0,3,0,0
19010134,81,small,NA,NA,2,0,3,0,0
19010135,145,large,0.68122758,0.0551155,2,0,3,1,1
19010135,160,large,0.82232326,0.05952474,2,0,3,0,0
19010135,30,small,NA,NA,0,0,0,0,0
19010136,149,large,0.7385477,0.05291088,2,0,3,0,0
19010136,162,large,0.99428362,0.044092400000000004,2,1,3,1,1
19010136,149,large,0.66799986,0.06172936,1,1,3,0,1
19010136,151,large,0.75398004,0.06393398,1,1,3,0,1
19010136,118,large,0.3196699,0.022046200000000002,2,0,3,0,0
19010136,120,large,0.35935306,0.02425082,2,0,3,0,0
19010136,128,large,0.3637623,0.03527392,1,0,3,0,0
19010136,144,large,0.57099658,0.03968316,1,0,3,0,0
19010136,162,large,0.82893712,0.05732012,1,0,3,0,1
19010136,155,large,0.7275246,0.06393398,1,0,3,0,0
19010136,80,small,NA,NA,1,0,3,0,0
19010136,78,small,NA,NA,2,0,3,0,0
19010136,77,small,NA,NA,2,0,3,0,0
19010138,137,large,0.51367646,0.03968316,1,0,3,0,0
19010138,148,large,0.68784144,0.05291088,1,0,3,0,0
19010138,148,large,0.58642892,0.03968316,2,0,3,0,0
19010138,162,large,0.78925396,0.0551155,1,0,3,0,0
19010138,159,large,0.80689092,0.05070626,1,0,3,0,0
19010138,153,large,0.73634308,0.05291088,2,0,3,0,0
19010138,141,large,0.59083816,0.03747854,2,0,3,1,1
19010138,148,large,0.61508898,0.03086468,2,0,3,0,0
19010138,120,large,0.34832996,0.022046200000000002,1,0,3,0,0
19010138,114,large,0.30423756,0.01984158,1,0,3,0,1
19010139,146,large,0.64374904,0.05291088,1,0,3,0,0
19010139,147,large,0.551155,0.044092400000000004,1,0,3,0,0
19010139,138,large,0.51367646,0.044092400000000004,1,0,3,0,0
19010139,142,large,0.661386,0.03747854,2,1,3,1,1
19010139,158,large,0.6944553,0.04188778,1,0,3,1,1
19010139,136,large,0.51147184,0.044092400000000004,2,0,3,0,0
19010139,150,large,0.75398004,0.04629702,1,0,3,1,1
19010139,141,large,0.5070626,0.02645544,2,0,3,1,0
19010139,147,large,0.5291088,0.044092400000000004,1,0,3,1,1
19010139,138,large,0.5070626,0.03086468,1,0,3,1,0
19010139,71,small,NA,NA,1,0,3,0,0
19010139,66,small,NA,NA,1,0,3,0,0
19010139,35,small,NA,NA,0,0,0,0,0
19010139,29,small,NA,NA,0,0,0,0,0
19010139,28,small,NA,NA,0,0,0,0,0
19010139,13,small,NA,NA,0,0,0,0,0
19010140,137,large,0.51147184,0.03968316,1,0,3,0,0
19010140,142,large,0.62611208,0.03968316,2,0,3,1,1
19010140,144,large,0.62170284,0.04850164,2,0,3,1,1
19010140,131,large,0.4629702,0.0330693,2,0,3,0,0
19010140,103,large,0.41667318,0.04850164,1,0,3,0,0
19010140,132,large,0.2425082,0.03086468,1,0,3,0,0
19010140,152,large,0.7605939,0.06393398,2,0,3,0,0
19010140,127,large,0.36817154,0.02645544,1,0,3,0,0
19010140,159,large,0.8267325,0.04629702,2,0,3,0,0
19010140,129,large,0.40124084,0.03086468,1,0,3,1,0
19010140,69,small,NA,NA,1,0,3,0,0
19010140,55,small,NA,NA,0,0,0,0,0
19010140,62,small,NA,NA,0,0,0,0,0
19010140,63,small,NA,NA,0,0,0,0,0
19010140,70,small,NA,NA,0,0,0,0,0
19010140,12,small,NA,NA,0,0,0,0,0
19010141,142,large,0.57540582,0.03747854,1,0,3,0,0
19010141,140,large,0.57099658,0.044092400000000004,2,0,3,1,1
19010141,139,large,0.80689092,0.03527392,1,0,3,0,0
19010141,143,large,0.74295694,0.03086468,2,0,3,0,0
19010141,148,large,0.60406588,0.03968316,1,1,3,1,1
19010141,136,large,0.5621781,0.03527392,1,0,3,1,1
19010141,138,large,0.49383488,0.044092400000000004,1,0,3,0,1
19010141,148,large,0.63052132,0.04850164,1,0,3,1,1
19010141,139,large,0.5291088,0.03527392,1,0,3,1,1
19010141,153,large,0.61067974,0.05070626,2,0,3,0,0
19010141,71,small,NA,NA,2,0,3,0,0
19010141,63,small,NA,NA,1,0,3,0,0
19010141,33,small,NA,NA,0,0,0,0,0
19010141,35,small,NA,NA,0,0,0,0,0
19010141,23,small,NA,NA,0,0,0,0,0
19010142,123,large,0.42328704,0.02645544,2,0,3,0,0
19010142,117,large,0.35053458,0.02645544,1,0,3,0,0
19010142,132,large,0.46958406,0.03527392,2,0,3,0,0
19010142,132,large,0.51367646,0.03086468,2,0,3,1,0
19010142,126,large,0.3968316,0.03527392,1,0,3,0,0
19010142,125,large,0.40344546,0.02866006,1,0,3,0,0
19010142,129,large,0.41667318,0.03527392,1,0,3,0,0
19010142,113,large,0.31085142,0.01984158,2,0,3,0,0
19010142,118,large,0.31305604,0.02645544,1,0,3,0,0
19010142,113,large,0.29541908,0.022046200000000002,1,0,3,0,0
19010142,94,small,NA,NA,2,0,3,0,0
19010142,93,small,NA,NA,2,0,3,0,0
19010142,100,small,NA,NA,2,0,3,0,0
19010142,75,small,NA,NA,1,0,3,0,0
19010142,72,small,NA,NA,1,0,3,0,0
19010142,96,small,NA,NA,1,0,3,0,0
19010142,70,small,NA,NA,1,0,2,0,0
19010142,70,small,NA,NA,1,0,2,0,0
19010142,78,small,NA,NA,1,0,2,0,0
19010142,30,small,NA,NA,0,0,0,0,0
19010143,132,large,0.5180857,0.0330693,1,0,3,0,0
19010143,117,large,0.38801312,0.022046200000000002,1,0,3,0,0
19010143,114,large,0.2976237,0.022046200000000002,2,0,3,0,0
19010143,113,large,0.29982832,0.02425082,1,0,3,1,0
19010143,122,large,0.35494382,0.02645544,1,0,3,0,0
19010143,122,large,0.35273920000000003,0.02645544,1,0,3,0,0
19010143,116,large,0.28439598,0.01543234,2,0,3,0,0
19010143,113,large,0.28880522000000003,0.01763696,2,0,3,0,0
19010143,121,large,0.39462698,0.02866006,2,0,3,0,0
19010143,121,large,0.35053458,0.022046200000000002,2,0,3,0,0
19010143,93,small,NA,NA,2,0,3,0,0
19010143,77,small,NA,NA,1,0,3,0,0
19010143,76,small,NA,NA,1,0,3,0,0
19010143,100,small,NA,NA,1,0,3,0,0
19010143,47,small,NA,NA,1,0,2,0,0
19010143,54,small,NA,NA,1,0,2,0,0
19010143,41,small,NA,NA,0,0,0,0,0
19010143,38,small,NA,NA,0,0,0,0,0
19010143,29,small,NA,NA,0,0,0,0,0
19010143,24,small,NA,NA,0,0,0,0,0
19010144,117,large,0.33289762,0.01984158,1,0,3,0,0
19010144,132,large,0.54454114,0.02645544,1,0,3,0,0
19010144,116,large,0.40124084,0.02645544,1,0,3,0,0
19010144,133,large,0.49824412,0.02866006,1,0,3,0,0
19010144,141,large,0.54895038,0.03086468,2,0,3,0,0
19010144,119,large,0.35273920000000003,0.01984158,2,0,3,0,0
19010144,108,large,0.29982832,0.01543234,1,0,3,0,0
19010144,105,large,0.2755775,0.01543234,1,0,3,0,0
19010144,135,large,0.56879196,0.03968316,1,0,3,0,0
19010144,133,large,0.48281178,0.02866006,2,0,3,0,0
19010144,75,small,NA,NA,2,0,3,0,0
19010144,80,small,NA,NA,2,0,3,0,0
19010144,89,small,NA,NA,2,0,3,0,0
19010144,72,small,NA,NA,1,0,3,0,0
19010144,77,small,NA,NA,1,0,3,0,0
19010144,72,small,NA,NA,1,0,3,0,0
19010144,74,small,NA,NA,1,0,3,0,0
19010144,75,small,NA,NA,1,0,3,0,0
19010144,101,small,NA,NA,1,0,3,0,0
19010144,65,small,NA,NA,1,0,2,0,0
19010145,122,large,0.48281178,0.03086468,1,0,3,0,0
19010145,133,large,0.51147184,0.02866006,1,0,3,0,0
19010145,130,large,0.56879196,0.03527392,1,0,3,0,0
19010145,133,large,0.5401319,0.02645544,1,0,3,0,0
19010145,133,large,0.49824412,0.03086468,2,0,3,0,0
19010145,126,large,0.58201968,0.02425082,2,0,3,0,0
19010145,118,large,0.36817154,0.022046200000000002,2,0,3,0,0
19010145,126,large,0.48722102,0.01984158,1,0,3,0,0
19010145,126,large,0.29321446,0.01984158,1,0,3,0,0
19010145,92,small,NA,NA,1,0,3,0,0
19010147,123,large,0.46517482,0.02425082,1,0,3,0,0
19010147,125,large,0.43210552,0.01984158,1,0,3,0,0
19010147,108,large,0.35273920000000003,0.01763696,1,0,3,0,0
19010147,134,large,0.53351804,0.0330693,2,0,3,0,0
19010147,123,large,0.51147184,0.02866006,2,0,3,0,0
19010147,110,large,0.39903622,0.01543234,1,0,3,0,0
19010148,104,large,0.41226394,0.02866006,1,0,3,0,0
19010148,102,large,0.32407914,0.01763696,1,0,3,0,0
19010148,145,large,0.61949822,0.04188778,2,0,3,0,0
19010148,132,large,0.68784144,0.04188778,2,0,3,0,0
19010148,124,large,0.52469956,0.02645544,2,0,3,0,0
19010148,118,large,0.38139926,0.01984158,1,0,3,0,0
19010148,124,large,0.47840254,0.03086468,2,0,3,0,0
19010148,126,large,0.45415172,0.02645544,1,0,3,0,0
19010148,102,large,0.27998674,0.01763696,2,0,3,0,0
19010148,108,large,0.27778212,0.01763696,1,0,3,0,0
19010148,75,small,NA,NA,2,0,3,0,0
19010148,84,small,NA,NA,2,0,3,0,0
19010148,86,small,NA,NA,2,0,3,0,0
19010148,94,small,NA,NA,2,0,3,0,0
19010148,85,small,NA,NA,1,0,3,0,0
19010148,97,small,NA,NA,1,0,3,0,0
19010148,99,small,NA,NA,1,0,3,0,0
19010148,36,small,NA,NA,0,0,0,0,0
19010148,33,small,NA,NA,0,0,0,0,0
19010148,29,small,NA,NA,0,0,0,0,0
19010149,102,large,0.32848838,0.01763696,2,0,3,0,0
19010149,117,large,0.38139926,0.022046200000000002,2,0,3,0,0
19010149,136,large,0.54233652,0.0330693,2,0,3,0,0
19010149,107,large,0.26896364,0.01322772,1,0,3,0,0
19010149,114,large,0.33510224,0.01763696,1,0,3,0,0
19010149,112,large,0.32848838,0.01984158,1,0,3,0,0
19010149,122,large,0.38360388,0.02645544,2,0,3,0,0
19010149,115,large,0.30423756,0.022046200000000002,1,0,3,0,0
19010149,115,large,0.33289762,0.01984158,1,0,3,0,0
19010149,140,large,0.52690418000000006,0.03747854,2,0,3,0,0
19010149,94,small,NA,NA,2,0,3,0,0
19010149,95,small,NA,NA,2,0,3,0,0
19010149,63,small,NA,NA,1,0,3,0,0
19010149,65,small,NA,NA,1,0,3,0,0
19010149,99,small,NA,NA,1,0,3,0,0
19010149,98,small,NA,NA,1,0,3,0,0
19010149,93,small,NA,NA,1,0,3,0,0
19010149,94,small,NA,NA,1,0,3,0,0
19010149,96,small,NA,NA,1,0,3,0,0
19010149,95,small,NA,NA,1,0,3,0,0
19010150,108,large,0.31746528,0.01763696,2,0,3,0,0
19010150,105,large,0.33951148,0.022046200000000002,1,0,3,0,0
19010150,131,large,0.52690418000000006,0.03086468,2,0,3,0,0
19010150,110,large,0.31085142,0.01763696,1,0,3,0,0
19010150,125,large,0.49383488,0.02645544,2,0,3,0,0
19010150,117,large,0.41446856,0.022046200000000002,2,0,3,0,0
19010150,102,large,0.25132668,0.011023100000000001,2,0,3,0,0
19010150,126,large,0.44974248,0.0330693,1,0,3,0,0
19010150,120,large,0.3637623,0.01984158,1,0,3,1,0
19010150,119,large,0.31305604,0.022046200000000002,2,0,3,0,0
19010150,100,small,NA,NA,2,0,3,0,0
19010150,91,small,NA,NA,2,0,3,0,0
19010150,100,small,NA,NA,1,0,3,0,0
19010150,91,small,NA,NA,1,0,3,0,0
19010150,90,small,NA,NA,1,0,3,0,0
19010150,86,small,NA,NA,1,0,3,0,0
19010150,58,small,NA,NA,1,0,2,0,0
19010150,67,small,NA,NA,1,0,2,0,0
19010150,64,small,NA,NA,1,0,2,0,0
19010150,61,small,NA,NA,1,0,2,0,0
19010151,115,large,0.29982832,0.01984158,1,0,3,0,0
19010151,120,large,0.39242236,0.02645544,1,0,3,0,0
19010151,105,large,0.24691744,0.01763696,1,0,3,0,0
19010151,147,large,0.6393398,0.04188778,1,1,3,0,0
19010151,140,large,0.4960395,0.01984158,1,1,3,0,0
19010151,123,large,0.37919464,0.02425082,1,0,3,0,0
19010151,146,large,0.54454114,0.03086468,1,1,3,0,0
19010151,104,large,0.21825738,0.01543234,1,0,3,0,0
19010151,135,large,0.6062705,0.03968316,2,0,3,0,0
19010151,103,large,0.20282504,0.01543234,1,0,3,0,0
19010151,96,small,NA,NA,1,0,3,0,0
19010151,95,small,NA,NA,1,0,3,0,0
19010151,97,small,NA,NA,1,0,3,0,0
19010151,97,small,NA,NA,1,0,3,0,0
19010151,55,small,NA,NA,1,0,2,0,0
19010151,49,small,NA,NA,0,0,0,0,0
19010151,52,small,NA,NA,0,0,0,0,0
19010151,80,small,NA,NA,1,0,2,0,0
19010151,79,small,NA,NA,1,0,2,0,0
19010151,78,small,NA,NA,1,0,2,0,0
19010152,127,large,0.4629702,0.02866006,1,0,3,0,0
19010152,125,large,0.34612534,0.02425082,1,0,3,0,0
19010152,124,large,0.3968316,0.02866006,1,0,3,0,0
19010152,126,large,0.40124084,0.02645544,1,0,3,0,0
19010152,126,large,0.35053458,0.011023100000000001,1,1,3,0,0
19010152,138,large,0.50265336,0.03527392,1,0,3,0,0
19010152,140,large,0.45415172,0.022046200000000002,1,0,3,1,0
19010152,137,large,0.48942564,0.03086468,1,0,3,0,0
19010152,109,large,0.22487124,0.01543234,1,0,3,0,0
19010152,103,large,0.22928048,0.01322772,1,0,3,0,0
19010152,93,small,NA,NA,1,0,2,0,0
19010152,90,small,NA,NA,1,0,2,0,0
19010152,88,small,NA,NA,1,0,2,0,0
19010152,58,small,NA,NA,0,0,0,0,0
19010152,60,small,NA,NA,0,0,0,0,0
19010152,67,small,NA,NA,0,0,0,0,0
19010152,62,small,NA,NA,0,0,0,0,0
19010152,61,small,NA,NA,0,0,0,0,0
19010153,130,large,0.41005932,0.022046200000000002,1,0,3,0,0
19010153,136,large,0.50485798,0.03527392,1,0,3,0,0
19010153,126,large,0.37258078,0.02425082,1,0,3,0,0
19010153,122,large,0.37037616,0.02425082,1,0,3,0,0
19010153,107,large,0.23809896,0.01322772,1,0,3,0,0
19010153,110,large,0.23368972,0.01543234,1,0,3,0,0
19010153,104,large,0.21825738,0.01543234,1,0,3,0,0
19010153,112,large,0.29321446,0.01763696,1,0,3,0,0
19010153,103,large,0.22928048,0.01543234,1,0,3,0,0
19010153,102,large,0.220462,0.01322772,1,0,3,0,0
19010153,98,small,NA,NA,1,0,2,0,0
19010153,71,small,NA,NA,1,0,2,0,0
19010155,127,large,0.3968316,0.02645544,1,0,3,0,1
19010155,123,large,0.43871938,0.02866006,1,0,3,0,0
19010155,133,large,0.48060716,0.0330693,1,0,3,0,0
19010155,137,large,0.52249494,0.0330693,1,0,3,0,0
19010155,133,large,0.5291088,0.0330693,1,0,3,0,0
19010155,126,large,0.45415172,0.0330693,1,0,3,0,0
19010155,127,large,0.47178868,0.0330693,1,0,3,0,0
19010155,130,large,0.42990090000000003,0.02645544,1,0,3,0,0
19010155,124,large,0.38139926,0.02425082,1,0,3,0,0
19010155,139,large,0.5004487400000001,0.04188778,1,0,3,0,0
19010156,132,large,0.54454114,0.03086468,2,0,3,0,0
19010156,122,large,0.49824412,0.022046200000000002,1,0,3,0,0
19010156,126,large,0.47178868,0.02866006,2,0,3,0,0
19010156,133,large,0.61949822,0.0330693,2,0,3,0,0
19010156,132,large,0.64595366,0.02866006,1,0,3,0,0
19010156,132,large,0.5952474,0.04188778,2,0,3,0,0
19010156,120,large,0.39903622,0.022046200000000002,2,0,3,0,0
19010156,110,large,0.33951148,0.01984158,2,0,3,0,0
19010156,109,large,0.31526066,0.01543234,1,0,3,0,0
19010156,111,large,0.30644218,0.01763696,2,0,3,0,0
19010156,73,small,NA,NA,0,0,0,0,0
19010157,134,large,0.63493056,0.02425082,2,1,3,1,1
19010157,130,large,0.54233652,0.03527392,2,0,3,0,0
19010157,130,large,0.5621781,0.0330693,1,0,3,0,0
19010157,133,large,0.52469956,0.03086468,1,0,3,0,0
19010157,137,large,0.61949822,0.03968316,1,0,3,0,0
19010157,130,large,0.55997348,0.0330693,1,0,3,0,0
19010157,136,large,0.54674576,0.03527392,2,0,3,0,0
19010157,132,large,0.53792728,0.0330693,2,0,3,0,0
19010157,135,large,0.54895038,0.0330693,1,0,3,0,0
19010157,137,large,0.56438272,0.04188778,1,0,3,0,0
19010157,82,small,NA,NA,2,0,3,0,0
19010157,90,small,NA,NA,2,0,3,0,0
19010157,81,small,NA,NA,1,0,3,0,0
19010158,119,large,0.36155768,0.02645544,1,0,3,0,0
19010158,112,large,0.30203294,0.022046200000000002,2,0,3,0,0
19010158,138,large,0.49824412,0.04850164,2,0,3,0,0
19010158,140,large,0.49383488,0.03086468,1,0,3,0,0
19010158,115,large,0.32407914,0.022046200000000002,1,0,3,0,0
19010158,129,large,0.41005932,0.01984158,1,1,3,0,0
19010158,104,large,0.22266662,0.01763696,1,0,3,0,0
19010158,147,large,0.6724091,0.05070626,1,0,3,0,0
19010158,154,large,0.66579524,0.04188778,1,0,3,0,0
19010158,104,large,0.24030358,0.01543234,1,0,3,0,0
19010158,97,small,NA,NA,2,0,3,0,0
19010158,87,small,NA,NA,2,0,3,0,0
19010158,79,small,NA,NA,2,0,3,0,0
