"YEAR","PROJECT_CODE","EVENT_ID","EVENT_NUM","CAPTAIN","VESSEL_NAME","VESSEL_CODE","REG_AREA","DISTRICT","DREDGE_ID","BED_SW","STATION_TYPE","STATION_ID","DATE_SET","START_LATITUDE","START_LONGITUDE","COMPASS_HEADING","DEPTH_START_F","START_TIME","WrLn_F","TOW_SPEED","BEAUFORT","SWELL_HEIGHT_CODE","SURFACE_TEMP_C","Max_Dpth_fa","Min_Dpth_fa","BCS","TD","VIDEO","END_LATITUDE","END_LONGITUDE","DEPTH_END_F","END_TIME","DURATION_MIN","TOW_LENGTH_CALC","TOW_LENGTH_FIELD","TOW_LENGTH_DESIGNATED","GEAR_PERFORMANCE_CODE_SW","GEAR_COMMENTS","COMMENTS"
"2017","D06","2017D06001","001","Ted Jewell","Pandalus","19433","K","KSH","C","KSH1","Standard","GJ 174","04-16-2017",58.736000,-153.221166,26,76.600000,"10:01",275,4.000000,1,"1",2.200000,88.700000,76.600000,"N","N","N",58.747833,-153.203666,88.700000,"10:15",14.000000,0.903331,0.900000,0.903331,"1",,
"2017","D06","2017D06002","002","Ted Jewell","Pandalus","19433","K","KSH","C","KSH1","Standard","GK 174","04-16-2017",58.720500,-153.219500,24,82.100000,"11:36",290,4.000000,1,"1",2.800000,82.100000,89.900000,"N","N","N",58.731833,-153.203833,89.900000,"11:49",13.000000,0.844379,0.900000,0.844379,"1",,
"2017","D06","2017D06003","003","Ted Jewell","Pandalus","19433","K","KSH","C","KSH1","Standard","GL 173","04-16-2017",,,,,"",,,,,,,,"N","N","N",,,,"",,,,,"5","F","Hit bottom upside down. "
"2017","D06","2017D06004","004","Ted Jewell","Pandalus","19433","K","KSH","C","KSH1","Repeat","GL 173","04-16-2017",58.702500,-153.252166,10,63.900000,"13:02",305,4.000000,1,"1",2.600000,63.900000,64.700000,"N","N","N",58.716500,-153.241166,64.700000,"13:16",14.000000,0.914522,0.900000,0.914522,"1",,
"2017","D06","2017D06005","005","Ted Jewell","Pandalus","19433","K","KSH","C","KSH1","Standard","GM 174","04-16-2017",58.685833,-153.218666,17,88.500000,"14:02",135,4.000000,1,"1",2.900000,89.900000,88.500000,"N","N","N",58.699500,-153.209333,88.500000,"14:16",14.000000,0.876626,0.900000,0.876626,"1",,
"2017","D06","2017D06006","006","Ted Jewell","Pandalus","19433","K","KSH","C","KSH1","Standard","GM 171","04-16-2017",58.686166,-153.317166,8,37.900000,"15:08",220,4.000000,1,"1",2.800000,37.900000,31.100000,"N","N","N",58.700833,-153.309500,31.100000,"15:22",14.000000,0.918608,1.000000,0.918608,"1",,"Getting shallow.  Brought wire up to 125. "
"2017","D06","2017D06007","007","Ted Jewell","Pandalus","19433","K","KSH","C","KSH1","Standard","GN 172","04-16-2017",58.668000,-153.294666,28,61.900000,"16:10",225,4.000000,1,"1",3.000000,59.300000,61.900000,"N","N","N",58.681500,-153.282166,59.300000,"16:24",13.999999,0.905339,0.900000,0.905339,"1",,
"2017","D06","2017D06008","008","Ted Jewell","Pandalus","19433","K","KSH","C","KSH1","Standard","GO 172","04-16-2017",58.651333,-153.285833,16,73.800000,"17:06",255,4.000000,1,"1",3.000000,73.800000,69.500000,"N","N","N",58.666000,-153.281000,69.500000,"17:19",13.000000,0.898505,0.900000,0.898505,"1",,
"2017","D06","2017D06009","009","Ted Jewell","Pandalus","19433","K","KSH","C","KSH1","Standard","GP 171","04-16-2017",58.633833,-153.320500,14,71.600000,"18:07",255,4.000000,1,"1",4.700000,71.600000,66.400000,"N","N","N",58.648500,-153.314500,66.400000,"18:21",14.000000,0.905006,0.900000,0.905006,"1",,
"2017","D06","2017D06010","010","Ted Jewell","Pandalus","19433","K","KSH","C","KSH1","Standard","GQ 172","04-16-2017",58.618166,-153.284666,2,87.200000,"19:09",300,4.000000,1,"1",5.500000,87.200000,80.700000,"N","N","N",58.633166,-153.281833,80.700000,"19:23",14.000000,0.909175,0.900000,0.909175,"1",,"Lots of rock. "
"2017","D06","2017D06011","011","Ted Jewell","Pandalus","19433","K","KSH","C","KSH1","Standard","GS 165","04-17-2017",58.584000,-153.517833,3,51.400000,"07:46",180,4.000000,1,"1",4.000000,51.400000,40.500000,"Y","N","N",58.599000,-153.515000,40.500000,"08:00",14.000000,0.908289,0.900000,0.908289,"1",,
"2017","D06","2017D06012","012","Ted Jewell","Pandalus","19433","K","KSH","C","KSH1","Standard","GR 165","04-17-2017",58.601166,-153.517000,2,26.100000,"08:34",95,4.000000,1,"1",2.500000,26.100000,18.100000,"Y","N","N",58.616166,-153.515500,18.100000,"08:48",14.000000,0.905581,0.900000,0.905581,"1",,
"2017","D06","2017D06013","013","Ted Jewell","Pandalus","19433","K","KSH","C","KSH1","Standard","GQ 166","04-17-2017",58.617500,-153.483000,4,26.400000,"09:18",91,4.000000,1,"1",2.400000,26.400000,20.300000,"Y","N","N",58.632333,-153.482500,20.300000,"09:27",8.999999,0.894838,0.900000,0.894838,"1",,
"2017","D06","2017D06014","014","Ted Jewell","Pandalus","19433","K","KSH","C","KSH1","Standard","GP 165","04-17-2017",58.633500,-153.516666,6,17.000000,"09:51",60,4.000000,1,"1",2.400000,17.000000,15.300000,"Y","N","N",58.648333,-153.512333,15.300000,"10:04",13.000000,0.905437,0.900000,0.905437,"1",,
"2017","D06","2017D06015","015","Ted Jewell","Pandalus","19433","K","KSH","C","KSH1","Standard","GP 168 ","04-17-2017",58.632833,-153.417500,10,40.800000,"10:41",145,4.000000,0,"1",2.700000,40.800000,35.000000,"Y","N","N",58.648000,-153.414333,35.000000,"10:54",13.000000,0.920661,0.900000,0.920661,"1",,
"2017","D06","2017D06016","016","Ted Jewell","Pandalus","19433","K","KSH","C","KSH1","Standard","GO 169 ","04-17-2017",58.650166,-153.382833,12,38.900000,"11:41",135,4.000000,0,"1",2.500000,38.900000,29.000000,"Y","N","N",58.664833,-153.377333,29.000000,"11:55",14.000000,0.902204,0.900000,0.902204,"1",,
"2017","D06","2017D06017","017","Ted Jewell","Pandalus","19433","K","KSH","C","KSH1","Standard","GQ 169","04-17-2017",58.617500,-153.383000,10,60.000000,"12:46",220,4.000000,1,"1",3.200000,60.000000,51.300000,"Y","N","N",58.632500,-153.381833,51.300000,"12:59",13.000000,0.905519,0.900000,0.905519,"1",,
"2017","D06","2017D06018","018","Ted Jewell","Pandalus","19433","K","KSH","C","KSH1","Standard","GR 171","04-17-2017",58.603000,-153.316666,28,81.400000,"13:45",285,4.000000,1,"1",3.900000,81.400000,79.600000,"Y","N","N",58.616166,-153.303166,79.600000,"13:59",14.000000,0.900337,0.900000,0.900337,"1",,"Lots of rocks. "
"2017","D06","2017D06019","019","Ted Jewell","Pandalus","19433","K","KSH","C","KSH1","Standard","GS 171 ","04-17-2017",58.585333,-153.320333,24,85.600000,"14:48",300,4.000000,1,"1",4.200000,86.100000,85.600000,"Y","N","N",58.598666,-153.308000,85.700000,"15:02",14.000000,0.892302,0.900000,0.892302,"1",,"Lots of rocks. "
"2017","D06","2017D06020","020","Ted Jewell","Pandalus","19433","K","KSH","C","KSH1","Standard","GR 168","04-17-2017",58.601166,-153.421166,24,60.400000,"15:56",212,4.000000,1,"1",5.800000,60.400000,55.700000,"Y","N","N",58.614833,-153.409333,55.700000,"16:10",14.000000,0.904125,0.900000,0.904125,"1",,
"2017","D06","2017D06021","021","Ted Jewell","Pandalus","19433","K","KSH","C","KSH1","Standard","GS 168","04-17-2017",,,,,"",,,,,,,,"Y","N","N",,,,"",,,,,"5","F","Went upside down going to reset. "
"2017","D06","2017D06022","022","Ted Jewell","Pandalus","19433","K","KSH","C","KSH1","Repeat","GS 168","04-17-2017",,,,,"",,,,,,,,"Y","N","N",,,,"",,,,,"5","F","Flip over again. "
"2017","D06","2017D06023","023","Ted Jewell","Pandalus","19433","K","KSH","C","KSH1","Repeat","GS 168","04-17-2017",,,,,"",,,,,,,,"Y","N","N",,,,"",,,,,"5","F","Upside down again."
"2017","D06","2017D06024","024","Ted Jewell","Pandalus","19433","K","KSH","C","KSH1","Repeat","GS 168","04-17-2017",58.598666,-153.407666,212,66.800000,"17:41",230,4.000000,1,"1",4.900000,66.800000,65.700000,"Y","N","N",58.588000,-153.427333,65.700000,"17:55",14.000000,0.892213,0.900000,0.892213,"1",,
"2017","D06","2017D06025","025","Ted Jewell","Pandalus","19433","K","KSH","C","KSH1","Standard","GT 168","04-17-2017",58.578333,-153.410500,214,70.000000,"18:32",245,4.000000,1,"1",5.100000,70.600000,70.000000,"Y","N","N",58.568000,-153.431166,70.600000,"18:46",14.000000,0.900047,0.900000,0.900047,"1",,
"2017","D06","2017D06026","026","Ted Jewell","Pandalus","19433","K","KSH","C","KSH1","Standard","GU 168","04-17-2017",58.561500,-153.408666,217,76.800000,"19:24",270,4.000000,1,"1",5.500000,76.800000,76.400000,"Y","N","N",58.551500,-153.430000,76.800000,"19:37",13.000000,0.901590,0.900000,0.901590,"1",,
"2017","D06","2017D06027","027","Ted Jewell","Pandalus","19433","K","KSH","C","KSH1","Standard","GT 165","04-18-2017",58.567000,-153.515500,2,59.900000,"07:26",210,4.000000,1,"1",4.600000,59.900000,52.300000,"Y","N","N",58.582000,-153.515000,52.300000,"07:40",14.000000,0.903601,0.900000,0.903601,"1",,
"2017","D06","2017D06028","028","Ted Jewell","Pandalus","19433","K","KSH","C","KSH1","Standard","GU 165","04-18-2017",58.563833,-153.511666,208,62.000000,"08:14",215,4.000000,1,"1",5.500000,64.500000,62.000000,"Y","N","N",58.551666,-153.528166,64.500000,"08:27",13.000000,0.897727,0.900000,0.897727,"1",,
"2017","D06","2017D06029","029","Ted Jewell","Pandalus","19433","K","KSH","C","KSH1","Standard","GW 165","04-18-2017",58.519000,-153.530500,45,74.900000,"09:06",262,4.000000,1,"1",5.400000,74.900000,74.100000,"Y","N","N",58.528666,-153.508500,74.100000,"09:20",14.000000,0.903939,0.900000,0.903939,"1",,
"2017","D06","2017D06030","030","Ted Jewell","Pandalus","19433","K","KSH","C","KSH1","Standard","GV 166","04-18-2017",58.537166,-153.491333,40,73.100000,"09:57",255,4.000000,1,"1",5.300000,73.100000,72.000000,"Y","N","N",58.547833,-153.471500,72.000000,"10:10",13.000000,0.895150,0.900000,0.895150,"1",,
"2017","D06","2017D06031","031","Ted Jewell","Pandalus","19433","K","KSH","C","KSH1","Standard","GV 169 ","04-18-2017",58.546333,-153.380000,201,81.400000,"10:58",285,4.000000,1,"1",4.000000,81.400000,81.800000,"Y","N","N",58.534333,-153.397500,81.100000,"11:12",14.000000,0.908024,0.900000,0.908024,"1",,"Lots of rocks. "
"2017","D06","2017D06032","032","Ted Jewell","Pandalus","19433","K","KSH","C","KSH1","Standard","GW 168","04-18-2017",58.528166,-153.410333,217,80.400000,"11:50",281,4.000000,1,"1",5.900000,79.700000,80.400000,"Y","N","N",58.517666,-153.430666,79.700000,"12:04",14.000000,0.898911,0.900000,0.898911,"1",,
"2017","D06","2017D06033","033","Ted Jewell","Pandalus","19433","K","KSH","C","KSH1","Standard","GX 166","04-18-2017",58.513333,-153.474000,220,80.000000,"12:38",275,4.000000,1,"1",5.600000,80.000000,78.800000,"Y","N","N",58.502666,-153.493833,80.000000,"12:52",14.000000,0.894696,0.900000,0.894696,"1",,
"2017","D06","2017D06034","034","Ted Jewell","Pandalus","19433","K","KSH","C","KSH1","Standard","GY 165","04-18-2017",58.494833,-153.510000,220,81.400000,"13:45",285,4.000000,2,"1",5.700000,81.400000,81.100000,"Y","N","N",58.484333,-153.530000,81.100000,"13:59",14.000000,0.891038,0.900000,0.891038,"1",,
"2017","D06","2017D06035","035","Ted Jewell","Pandalus","19433","K","KSH","C","KSH1","Standard","GZ 163","04-18-2017",58.478666,-153.576000,218,77.900000,"14:32",272,4.000000,1,"1",5.600000,77.900000,76.800000,"Y","N","N",58.468000,-153.596166,76.800000,"14:35",3.000000,0.901647,0.900000,0.901647,"1",,
"2017","D06","2017D06036","036","Ted Jewell","Pandalus","19433","K","KSH","C","KSH1","Standard","HB 163","04-18-2017",58.445500,-153.578333,209,69.300000,"15:21",245,4.000000,1,"1",5.800000,69.300000,61.700000,"Y","N","N",58.434000,-153.596500,61.700000,"15:35",14.000000,0.895973,0.900000,0.895973,"1",,
"2017","D06","2017D06037","037","Ted Jewell","Pandalus","19433","K","KSH","C","KSH1","Standard","HB 160","04-18-2017",58.436500,-153.688833,30,86.100000,"16:20",303,4.000000,1,"1",5.700000,67.900000,67.900000,"Y","N","N",58.448833,-153.672500,67.900000,"16:34",14.000000,0.900944,0.900000,0.900944,"1",,
"2017","D06","2017D06038","038","Ted Jewell","Pandalus","19433","K","KSH","C","KSH1","Standard","HA 161 ","04-18-2017",58.453166,-153.660000,37,69.300000,"17:07",240,4.000000,1,"1",6.200000,73.000000,67.100000,"Y","N","N",58.464666,-153.641666,73.000000,"17:21",14.000000,0.899603,0.900000,0.899603,"1",,
"2017","D06","2017D06039","039","Ted Jewell","Pandalus","19433","K","KSH","C","KSH1","Standard","GY 162","04-18-2017",58.485166,-153.626000,27,74.700000,"17:27",265,4.000000,1,"1",5.600000,74.700000,72.500000,"Y","N","N",58.498333,-153.612166,72.500000,"18:10",43.000000,0.902929,0.900000,0.902929,"1",,
"2017","D06","2017D06040","040","Ted Jewell","Pandalus","19433","K","KSH","C","KSH1","Standard","GX 163","04-18-2017",58.502000,-153.593000,35,72.900000,"18:48",255,4.000000,1,"1",5.700000,72.900000,71.200000,"Y","N","N",58.514333,-153.576500,71.200000,"19:02",14.000000,0.905085,0.900000,0.905085,"1",,
"2017","D06","2017D06041","041","Ted Jewell","Pandalus","19433","K","KSH","C","KSH1","Standard","GU 162","04-19-2017",58.566833,-153.608666,198,18.300000,"07:20",65,4.000000,0,"1",2.300000,18.600000,17.600000,"Y","N","N",58.554000,-153.623833,18.600000,"07:33",13.000000,0.908089,0.900000,0.908089,"1",,
"2017","D06","2017D06042","042","Ted Jewell","Pandalus","19433","K","KSH","C","KSH1","Standard","GV 163","04-19-2017",,,,,"",,,,,,,,"Y","N","N",,,,"",,,,,"5","F","Flip over. "
"2017","D06","2017D06043","043","Ted Jewell","Pandalus","19433","K","KSH","C","KSH1","Repeat","GV 163","04-19-2017",58.548333,-153.577000,203,55.900000,"08:15",195,4.000000,0,"1",2.400000,57.700000,55.900000,"Y","N","N",58.536833,-153.595000,57.700000,"08:29",14.000000,0.894201,0.900000,0.894201,"1",,
"2017","D06","2017D06044","044","Ted Jewell","Pandalus","19433","K","KSH","C","KSH1","Standard","GW 162","04-19-2017",58.531000,-153.605166,207,58.400000,"08:57",205,4.000000,0,"1",3.100000,60.100000,58.400000,"Y","N","N",58.520166,-153.624833,60.100000,"09:11",14.000000,0.898529,0.900000,0.898529,"1",,
"2017","D06","2017D06045","045","Ted Jewell","Pandalus","19433","K","KSH","C","KSH1","Standard","GX 160 ","04-19-2017",58.513833,-153.673166,215,46.300000,"09:38",162,4.000000,0,"1",3.200000,46.300000,46.100000,"Y","N","N",58.503333,-153.694166,46.100000,"09:52",14.000000,0.913763,0.900000,0.913763,"1",,
"2017","D06","2017D06046","046","Ted Jewell","Pandalus","19433","K","KSH","C","KSH1","Standard","GY 159 ","04-19-2017",58.495000,-153.709333,220,49.000000,"10:20",170,4.000000,0,"1",3.400000,50.300000,49.000000,"Y","N","N",58.485166,-153.730666,50.300000,"10:34",14.000000,0.894189,0.900000,0.894189,"1",,
"2017","D06","2017D06047","047","Ted Jewell","Pandalus","19433","K","KSH","C","KSH1","Standard","GZ 160","04-19-2017",58.480333,-153.676666,211,76.600000,"11:14",267,4.000000,0,"1",6.000000,76.600000,76.400000,"Y","N","N",58.468666,-153.694666,76.400000,"11:27",13.000000,0.900892,0.900000,0.900892,"1",,
"2017","D06","2017D06048","048","Ted Jewell","Pandalus","19433","K","KSH","C","KSH1","Standard","HA 158 ","04-19-2017",58.462666,-153.740000,224,70.200000,"12:00",245,4.000000,0,"1",5.500000,72.200000,70.200000,"Y","N","N",58.453000,-153.761666,72.200000,"12:13",13.000000,0.895232,0.900000,0.895232,"1",,
"2017","D06","2017D06049","049","Ted Jewell","Pandalus","19433","K","KSH","C","KSH1","Standard","HB 157 ","04-19-2017",58.445166,-153.775166,218,75.700000,"12:48",262,4.000000,1,"1",5.400000,75.700000,77.100000,"Y","N","N",58.434500,-153.795166,77.100000,"13:02",14.000000,0.897521,0.900000,0.897521,"1",,
"2017","D06","2017D06050","050","Ted Jewell","Pandalus","19433","K","KSH","C","KSH1","Standard","HC 158","04-19-2017",58.419333,-153.759500,36,98.900000,"13:43",350,4.000000,0,"1",4.400000,98.900000,91.500000,"Y","N","N",58.430666,-153.740833,91.500000,"13:56",13.000000,0.898311,0.900000,0.898311,"1",,
"2017","D06","2017D06051","051","Ted Jewell","Pandalus","19433","K","KSH","C","KSH1","Standard","HE 157 ","04-19-2017",58.399166,-153.770333,209,109.100000,"14:47",385,4.000000,0,"1",4.100000,111.400000,109.100000,"Y","N","N",58.388000,-153.789500,111.400000,"15:01",14.000000,0.900761,0.900000,0.900761,"1",,
"2017","D06","2017D06052","052","Ted Jewell","Pandalus","19433","K","KSH","C","KSH1","Standard","HD 155","04-19-2017",58.402833,-153.860833,35,77.500000,"15:49",271,4.000000,1,"1",4.000000,77.500000,71.600000,"Y","N","N",58.413166,-153.840500,72.200000,"16:03",14.000000,0.890486,0.900000,0.890486,"1",,
"2017","D06","2017D06053","053","Ted Jewell","Pandalus","19433","K","KSH","C","KSH1","Standard","HC 155","04-19-2017",58.420500,-153.859833,35,56.000000,"16:36",197,4.000000,1,"1",4.600000,56.000000,48.300000,"Y","N","N",58.431500,-153.840500,48.300000,"16:50",13.999999,0.897333,0.900000,0.897333,"1",,
"2017","D06","2017D06054","054","Ted Jewell","Pandalus","19433","K","KSH","C","KSH1","Standard","HB 154","04-19-2017",,,,,"",,,,,,,,"Y","N","N",,,,"",,,,,"5","F","Roll over. "
"2017","D06","2017D06055","055","Ted Jewell","Pandalus","19433","K","KSH","C","KSH1","Repeat","HB 154","04-19-2017",,,,,"",,,,,,,,"Y","N","N",,,,"",,,,,"5","F","Roll over. "
"2017","D06","2017D06056","056","Ted Jewell","Pandalus","19433","K","KSH","C","KSH1","Repeat","HB 154 ","04-19-2017",58.434666,-153.882000,337,48.600000,"17:45",170,4.000000,1,"0",4.000000,52.200000,37.500000,"Y","N","N",58.448166,-153.894833,37.500000,"17:58",12.999999,0.905073,0.900000,0.905073,"1",,
"2017","D06","2017D06057","057","Ted Jewell","Pandalus","19433","K","KSH","C","KSH1","Standard","HA 155","04-19-2017",58.450500,-153.848666,338,34.400000,"18:27",121,4.000000,0,"1",4.200000,34.400000,26.200000,"Y","N","N",58.464166,-153.860333,26.200000,"18:41",14.000000,0.898778,0.900000,0.898778,"1",,
"2017","D06","2017D06058","058","Ted Jewell","Pandalus","19433","K","KSH","C","KSH1","Standard","GZ 157","04-19-2017",58.466500,-153.788833,19,47.300000,"19:14",170,4.000000,0,"1",4.400000,47.300000,40.600000,"Y","N","N",58.480500,-153.779500,40.600000,"19:28",13.999999,0.890597,0.900000,0.890597,"1",,
"2017","D06","2017D06059","059","Ted Jewell","Pandalus","19433","K","KSH","C","KSH1","Standard","GY 156","04-19-2017",58.485833,-153.808833,333,26.800000,"19:51",94,4.000000,0,"1",4.200000,26.800000,22.100000,"Y","N","N",58.499000,-153.822166,22.100000,"20:05",13.999999,0.895535,0.900000,0.895535,"1",,
"2017","D06","2017D06060","060","Ted Jewell","Pandalus","19433","K","KSH","C","KSH1","Standard","HA 152","04-20-2017",58.450000,-153.942000,12,49.500000,"07:31",175,4.000000,1,"1",4.400000,49.500000,26.800000,"Y","N","N",58.464666,-153.936166,26.800000,"07:45",14.000000,0.899374,0.900000,0.899374,"1",,
"2017","D06","2017D06061","061","Ted Jewell","Pandalus","19433","K","KSH","C","KSH1","Standard","HB 151","04-20-2017",58.441166,-153.971333,239,58.400000,"08:12",200,4.000000,1,"1",4.500000,58.400000,43.100000,"Y","N","N",58.434666,-153.996833,43.100000,"08:49",37.000000,0.892025,0.900000,0.892025,"1",,
"2017","D06","2017D06062","062","Ted Jewell","Pandalus","19433","K","KSH","C","KSH1","Standard","HC 152","04-20-2017",58.431166,-153.964500,122,46.100000,"08:49",165,4.000000,1,"1",3.900000,48.900000,46.100000,"Y","N","N",58.421500,-153.943000,48.900000,"09:02",13.000000,0.890899,0.900000,0.890899,"1",,
"2017","D06","2017D06063","063","Ted Jewell","Pandalus","19433","K","KSH","C","KSH1","Standard","HD 151","04-20-2017",58.399500,-153.966666,317,29.000000,"09:32",105,4.000000,1,"1",4.400000,29.000000,22.500000,"Y","N","N",58.410833,-153.988500,13.000000,"09:45",13.000000,0.966063,0.900000,0.966063,"1",,
"2017","D06","2017D06064","064","Ted Jewell","Pandalus","19433","K","KSH","C","KSH1","Standard","HE 153","04-20-2017",58.393333,-153.932500,103,41.800000,"10:14",150,4.000000,1,"1",3.600000,41.800000,24.000000,"Y","N","N",58.388000,-153.917000,37.700000,"10:23",8.999999,0.583011,0.900000,0.900000,"1",,"Cut tow short, too much variation in depth. "
"2017","D06","2017D06065","065","Ted Jewell","Pandalus","19433","K","KSH","C","KSH2","Standard","HJ 151 ","04-20-2017",58.302500,-153.995166,27,86.000000,"11:20",305,4.000000,1,"1",4.000000,86.000000,64.700000,"Y","N","N",58.314666,-153.978500,64.700000,"11:34",14.000000,0.896613,0.900000,0.896613,"1","UN","Caught crab line of the wheels of dredge.  Cut line at surface. "
"2017","D06","2017D06066","066","Ted Jewell","Pandalus","19433","K","KSH","C","KSH2","Standard","HI 149 ","04-20-2017",,,,,"",,,,,,,,"Y","N","N",,,,"",,,,,"5","F","Roll over. "
"2017","D06","2017D06067","067","Ted Jewell","Pandalus","19433","K","KSH","C","KSH2","Repeat","HI 149 ","04-20-2017",58.323333,-154.066333,85,39.700000,"12:29",135,4.000000,1,"1",3.900000,43.400000,39.700000,"Y","N","N",58.323000,-154.038166,43.400000,"12:43",14.000000,0.886363,0.900000,0.886363,"1",,
"2017","D06","2017D06068","068","Ted Jewell","Pandalus","19433","K","KSH","C","KSH2","Standard","HJ 148 ","04-20-2017",58.313666,-154.099000,103,37.600000,"13:15",131,4.000000,1,"1",5.800000,28.200000,22.700000,"Y","N","N",58.308166,-154.072500,39.200000,"13:58",43.000000,0.896214,0.900000,0.896214,"1",,
"2017","D06","2017D06069","069","Ted Jewell","Pandalus","19433","K","KSH","C","KSH2","Standard","HL 148 ","04-20-2017",58.281833,-154.078166,197,22.700000,"13:54",98,4.000000,1,"1",5.200000,28.200000,22.700000,"Y","N","N",58.267833,-154.087333,28.200000,"14:07",13.000000,0.884398,0.900000,0.884398,"1",,
"2017","D06","2017D06070","070","Ted Jewell","Pandalus","19433","K","KSH","C","KSH2","Standard","HM 147","04-20-2017",58.258166,-154.130166,85,33.000000,"14:32",136,4.000000,1,"1",4.800000,39.100000,33.000000,"Y","N","N",58.257333,-154.107666,39.100000,"14:43",11.000000,0.709628,0.710000,0.709628,"1","H","Ended the tow short due to bottom and dredge hang up.   Back up on it and picked it off. "
"2017","D06","2017D06071","071","Ted Jewell","Pandalus","19433","K","KSH","C","KSH2","Standard","HN 146 ","04-20-2017",58.247000,-154.136000,276,33.000000,"15:08",140,4.000000,1,"1",4.800000,40.800000,33.000000,"Y","N","N",58.248500,-154.153833,40.800000,"15:16",8.000000,0.568145,0.570000,0.568145,"1",,"Had to cut short short due to bottom.  Had to back up to pick it up off bottom. "
"2017","D07","2017D07001","001","Thomas Minio","Provider","58200","K","KNE","C","KNE2","Standard","JL 232","06-01-2017",57.420833,-151.293833,167,53.100000,"09:10",150,4.900000,0,"1",,69.900000,53.100000,"Y","N","N",57.393666,-151.289666,69.900000,"09:25",15.000000,1.637645,1.350000,1.350000,"1",,
"2017","D07","2017D07002","002","Thomas Minio","Provider","58200","K","KNE","C","KNE2","Standard","JM 234","06-01-2017",57.399833,-151.238000,117,48.400000,"10:06",150,4.900000,0,"1",,48.400000,47.800000,"Y","N","N",57.385166,-151.202833,47.800000,"10:21",15.000000,1.441391,1.370000,1.441391,"1",,
"2017","D07","2017D07003","003","Thomas Minio","Provider","58200","K","KNE","C","KNE2","Standard","JN 234","06-01-2017",57.383500,-151.209000,196,48.000000,"10:39",150,4.800000,0,"1",,48.700000,48.000000,"Y","N","N",57.358666,-151.222833,48.700000,"10:54",15.000000,1.557991,1.350000,1.350000,"1",,
"2017","D07","2017D07004","004","Thomas Minio","Provider","58200","K","KNE","C","KNE2","Standard","JQ 234","06-01-2017",57.335000,-151.224333,180,53.500000,"11:13",155,4.900000,0,"1",,62.100000,53.500000,"Y","N","N",57.311333,-151.222500,62.100000,"11:28",15.000000,1.423042,1.320000,1.423042,"1",,
"2017","D07","2017D07005","005","Thomas Minio","Provider","58200","K","KNE","C","KNE2","Standard","JR 233","06-01-2017",57.316833,-151.266666,168,76.700000,"11:53",225,4.800000,0,"1",,77.900000,76.700000,"Y","N","N",57.293333,-151.255833,77.900000,"12:08",15.000000,1.455048,1.390000,1.455048,"1",,
"2017","D07","2017D07006","006","Thomas Minio","Provider","58200","K","KNE","C","KNE2","Standard","JS 232","06-01-2017",57.302166,-151.268166,161,77.700000,"12:47",225,4.800000,0,"1",,77.900000,77.700000,"Y","N","N",57.276833,-151.255333,77.900000,"13:02",15.000000,1.578116,1.360000,1.360000,"1",,
"2017","D07","2017D07007","007","Thomas Minio","Provider","58200","K","KNE","C","KNE2","Standard","JU 234","06-01-2017",57.265500,-151.233666,171,76.500000,"13:32",225,5.000000,0,"1",,76.500000,74.700000,"Y","N","N",57.240666,-151.230833,74.700000,"13:47",15.000000,1.494714,1.390000,1.494714,"1",,
"2017","D07","2017D07008","008","Thomas Minio","Provider","58200","K","KNE","C","KNE2","Standard","JV 234","06-01-2017",57.231833,-151.229500,5,73.000000,"14:05",215,4.900000,0,"1",,75.500000,73.000000,"Y","N","N",57.257500,-151.230333,75.500000,"14:20",15.000000,1.542165,1.360000,1.360000,"1",,
"2017","D07","2017D07009","009","Thomas Minio","Provider","58200","K","KNE","C","KNE2","Standard","JT 232","06-01-2017",57.264833,-151.267833,341,80.900000,"14:41",235,4.800000,0,"1",,82.400000,80.900000,"Y","N","N",57.284833,-151.284166,82.400000,"14:56",15.000000,1.313808,1.370000,1.313808,"1",,
"2017","D07","2017D07010","010","Thomas Minio","Provider","58200","K","KNE","C","KNE2","Standard","JQ 231","06-01-2017",57.315666,-151.303166,355,82.100000,"15:17",235,4.800000,0,"1",,82.100000,78.200000,"Y","N","N",57.336166,-151.309166,78.200000,"15:32",15.000000,1.246877,1.330000,1.246877,"1",,
"2017","D07","2017D07011","011","Thomas Minio","Provider","58200","K","KNE","C","KNE2","Standard","JP 232","06-01-2017",57.329833,-151.282500,354,77.400000,"16:03",225,4.700000,0,"1",,77.400000,70.300000,"Y","N","N",57.352500,-151.286500,70.300000,"16:18",15.000000,1.367894,1.350000,1.367894,"1",,
"2017","D07","2017D07012","012","Thomas Minio","Provider","58200","K","KNE","C","KNE2","Standard","JO 232","06-01-2017",57.348333,-151.274000,343,72.100000,"16:38",220,4.900000,0,"1",,72.700000,72.100000,"Y","N","N",57.369833,-151.290833,72.700000,"16:53",15.000000,1.402491,1.360000,1.402491,"1",,
"2017","D07","2017D07013","013","Thomas Minio","Provider","58200","K","KNE","C","KNE2","Standard","JN 231","06-01-2017",57.363833,-151.311166,344,73.500000,"17:12",215,4.800000,0,"1",,79.400000,73.500000,"Y","N","N",57.388500,-151.314500,79.400000,"17:28",15.000000,1.485805,1.360000,1.485805,"1",,
"2017","D07","2017D07014","014","Thomas Minio","Provider","58200","K","KNE","C","KNE2","Standard","JP 229","06-01-2017",57.351666,-151.365000,204,77.100000,"18:00",225,4.800000,0,"1",,77.100000,73.500000,"Y","N","N",57.330333,-151.389166,73.500000,"18:15",15.000000,1.502890,1.350000,1.350000,"1",,
"2017","D07","2017D07015","015","Thomas Minio","Provider","58200","K","KNE","C","KNE6","Standard","KP 186","06-02-2017",56.917500,-152.829166,139,62.700000,"08:04",185,4.900000,6,"3",,62.700000,57.100000,"Y","N","N",56.898000,-152.810500,57.400000,"08:19",15.000000,1.322134,1.330000,1.322134,"1",,
"2017","D07","2017D07016","016","Thomas Minio","Provider","58200","K","KNE","C","KNE6","Standard","KQ 187","06-02-2017",56.898833,-152.805666,135,58.900000,"08:58",175,4.800000,6,"3",,58.900000,57.300000,"Y","N","N",56.881166,-152.774500,57.300000,"09:13",15.000000,1.475065,1.300000,1.300000,"1",,
"2017","D07","2017D07017","017","Thomas Minio","Provider","58200","K","KNE","C","KNE6","Standard","KR 188","06-02-2017",56.884666,-152.780666,124,58.000000,"09:47",175,4.800000,5,"3",,58.000000,57.700000,"Y","N","N",56.870500,-152.743666,57.700000,"10:02",15.000000,1.484795,1.290000,1.290000,"1",,
"2017","D07","2017D07018","018","Thomas Minio","Provider","58200","K","KNE","C","KNE6","Standard","KS 187","06-02-2017",56.870166,-152.798500,127,45.600000,"10:33",140,4.800000,5,"3",,46.000000,45.600000,"Y","N","N",56.855500,-152.765500,46.000000,"10:48",15.000000,1.398115,1.320000,1.398115,"1",,
"2017","D07","2017D07019","019","Thomas Minio","Provider","58200","K","KNE","C","KNE6","Standard","KT 189","06-02-2017",56.846666,-152.738666,113,48.800000,"11:05",140,4.900000,5,"3",,48.800000,47.100000,"Y","N","N",56.837166,-152.697833,47.100000,"11:20",15.000000,1.460238,1.340000,1.460238,"1",,
"2017","D07","2017D07020","020","Thomas Minio","Provider","58200","K","KNE","C","KNE6","Standard","KS 190","06-02-2017",56.868833,-152.706500,138,60.400000,"11:50",175,4.800000,5,"3",,60.400000,56.200000,"Y","N","N",56.847666,-152.676333,56.200000,"12:05",15.000000,1.612924,1.320000,1.320000,"1",,
"2017","D07","2017D07021","021","Thomas Minio","Provider","58200","K","KNE","C","KNE6","Standard","KT 192","06-02-2017",56.846166,-152.634500,148,67.400000,"12:42",200,4.800000,6,"3",,67.800000,67.400000,"Y","N","N",56.825833,-152.615666,67.800000,"12:57",15.000000,1.369669,1.330000,1.369669,"1",,
"2017","D07","2017D07022","022","Thomas Minio","Provider","58200","K","KNE","C","KNE6","Standard","KU 191","06-02-2017",56.816500,-152.642833,332,50.200000,"13:38",150,4.800000,6,"4",,54.400000,50.200000,"Y","N","N",56.836166,-152.664500,54.400000,"13:53",15.000000,1.380009,1.300000,1.380009,"1",,
"2017","D07","2017D07023","023","Thomas Minio","Provider","58200","K","KNE","C","KNE3","Standard","JV 196","06-02-2017",57.248166,-152.503333,121,45.400000,"16:50",135,4.800000,5,"4",,46.900000,45.400000,"Y","N","N",57.233500,-152.466666,46.900000,"17:05",15.000000,1.483940,1.290000,1.290000,"1",,
"2017","D07","2017D07024","024","Thomas Minio","Provider","58200","K","KNE","C","KNE3","Standard","JW 198","06-02-2017",57.231000,-152.434833,90,40.200000,"17:23",120,4.800000,6,"4",,44.400000,40.200000,"Y","N","N",57.230500,-152.393333,44.100000,"17:38",15.000000,1.352242,1.320000,1.352242,"1",,
"2017","D07","2017D07025","025","Thomas Minio","Provider","58200","K","KNE","C","KNE3","Standard","JV 199","06-02-2017",57.237000,-152.408166,58,39.300000,"17:55",120,4.800000,6,"4",,41.100000,39.300000,"Y","N","N",57.251500,-152.371166,41.100000,"18:10",15.000000,1.486720,1.330000,1.330000,"1",,
"2017","D07","2017D07026","026","Thomas Minio","Provider","58200","K","KNE","C","KNE3","Standard","JU 200","06-02-2017",57.250000,-152.369333,78,41.600000,"18:20",120,4.900000,5,"4",,41.600000,39.300000,"Y","N","N",57.257000,-152.332000,39.300000,"18:36",15.000000,1.286106,1.360000,1.286106,"1",,
"2017","D07","2017D07027","027","Thomas Minio","Provider","58200","K","KNE","C","KNE3","Standard","JV 202","06-02-2017",57.236666,-152.306000,60,43.100000,"18:54",125,4.800000,5,"4",,44.100000,43.100000,"Y","N","N",57.249666,-152.273833,44.100000,"19:09",15.000000,1.306552,1.290000,1.306552,"1",,
"2017","D07","2017D07028","028","Thomas Minio","Provider","58200","K","KNE","C","KNE3","Standard","JW 201","06-03-2017",57.234166,-152.295000,229,43.200000,"08:12",125,4.800000,0,"1",,43.300000,43.200000,"Y","N","N",57.220333,-152.328833,43.300000,"08:27",15.000000,1.380381,1.310000,1.380381,"1",,
"2017","D07","2017D07029","029","Thomas Minio","Provider","58200","K","KNE","C","KNE3","Standard","JX 200","06-03-2017",57.219166,-152.332333,229,43.500000,"08:41",125,4.800000,0,"1",,43.500000,43.300000,"Y","N","N",57.203833,-152.365000,43.300000,"08:56",15.000000,1.407804,1.300000,1.407804,"1",,
"2017","D07","2017D07030","030","Thomas Minio","Provider","58200","K","KNE","C","KNE3","Standard","JY 199","06-03-2017",57.203666,-152.374833,190,44.100000,"09:09",125,4.800000,0,"1",,48.000000,44.400000,"Y","N","N",57.180833,-152.381666,48.000000,"09:24",15.000000,1.389518,1.320000,1.389518,"1",,
"2017","D07","2017D07031","031","Thomas Minio","Provider","58200","K","KNE","C","KNE3","Standard","JZ 200","06-03-2017",57.176333,-152.367333,105,47.200000,"09:41",135,4.800000,0,"1",,47.200000,42.600000,"Y","N","N",57.170666,-152.331500,42.600000,"09:56",15.000000,1.217664,1.290000,1.217664,"1",,
"2017","D07","2017D07032","032","Thomas Minio","Provider","58200","K","KNE","C","KNE3","Standard","KA 201","06-03-2017",57.168166,-152.326166,157,42.400000,"10:10",125,4.800000,0,"1",,42.700000,42.400000,"Y","N","N",57.147333,-152.314666,42.700000,"10:25",15.000000,1.306481,1.330000,1.306481,"1",,
"2017","D07","2017D07033","033","Thomas Minio","Provider","58200","K","KNE","C","KNE3","Standard","KB 200","06-03-2017",57.152333,-152.334000,228,42.300000,"10:41",125,4.800000,0,"1",,42.300000,40.900000,"Y","N","N",57.136333,-152.364000,40.900000,"10:56",15.000000,1.372302,1.320000,1.372302,"1",,
"2017","D07","2017D07034","034","Thomas Minio","Provider","58200","K","KNE","C","KNE3","Standard","KC 200","06-03-2017",57.136833,-152.376166,125,45.100000,"11:17",130,4.900000,0,"1",,45.100000,41.500000,"Y","N","N",57.122500,-152.342500,41.500000,"11:32",15.000000,1.396657,1.340000,1.396657,"1",,
"2017","D07","2017D07035","035","Thomas Minio","Provider","58200","K","KNE","C","KNE3","Standard","KD 202","06-03-2017",57.118166,-152.308000,126,41.800000,"11:49",125,4.800000,0,"2",,43.200000,41.800000,"Y","N","N",57.102500,-152.269666,43.200000,"12:04",15.000000,1.566888,1.330000,1.330000,"1",,
"2017","D07","2017D07036","036","Thomas Minio","Provider","58200","K","KNE","C","KNE3","Standard","KE 202","06-03-2017",57.099166,-152.271000,226,42.900000,"12:33",125,4.800000,0,"1",,42.900000,41.900000,"Y","N","N",57.084500,-152.305666,41.900000,"12:48",15.000000,1.435641,1.290000,1.290000,"1",,
"2017","D07","2017D07037","037","Thomas Minio","Provider","58200","K","KNE","C","KNE3","Standard","KF 202","06-03-2017",57.081166,-152.310333,125,41.500000,"13:05",125,4.800000,0,"1",,41.800000,41.500000,"Y","N","N",57.069666,-152.271000,41.800000,"13:20",15.000000,1.460409,1.330000,1.460409,"1",,
"2017","D07","2017D07038","038","Thomas Minio","Provider","58200","K","KNE","C","KNE3","Standard","KH 204","06-03-2017",57.036166,-152.233333,56,41.400000,"13:44",125,4.900000,0,"1",,42.400000,41.400000,"Y","N","N",57.049500,-152.197500,42.400000,"13:59",15.000000,1.420543,1.330000,1.420543,"1",,
"2017","D07","2017D07039","039","Thomas Minio","Provider","58200","K","KNE","C","KNE3","Standard","KG 205","06-03-2017",57.049666,-152.201166,49,42.100000,"14:14",125,4.800000,0,"1",,43.500000,42.100000,"Y","N","N",57.065666,-152.168166,43.500000,"14:29",15.000000,1.445743,1.310000,1.310000,"1",,
"2017","D07","2017D07040","040","Thomas Minio","Provider","58200","K","KNE","C","KNE3","Standard","KF 205","06-03-2017",57.070166,-152.165333,299,44.100000,"14:45",130,4.900000,0,"1",,44.100000,43.800000,"Y","N","N",57.081166,-152.203000,43.800000,"15:00",15.000000,1.398169,1.330000,1.398169,"1",,
"2017","D07","2017D07041","041","Thomas Minio","Provider","58200","K","KNE","C","KNE3","Standard","KE 205","06-03-2017",57.088500,-152.205333,71,44.400000,"16:05",130,4.800000,0,"1",,45.300000,44.400000,"Y","N","N",57.096000,-152.165500,45.300000,"16:20",15.000000,1.378202,1.290000,1.378202,"1",,
"2017","D07","2017D07042","042","Thomas Minio","Provider","58200","K","KNE","C","KNE3","Standard","KD 205","06-03-2017",57.102000,-152.164666,306,45.700000,"16:58",130,4.800000,3,"2",,45.900000,45.700000,"Y","N","N",57.114833,-152.203500,45.900000,"17:13",15.000000,1.484992,1.330000,1.330000,"1",,
"2017","D07","2017D07043","043","Thomas Minio","Provider","58200","K","KNE","C","KNE3","Standard","KC 203","06-03-2017",57.116500,-152.237333,320,43.800000,"17:36",130,4.900000,3,"2",,43.900000,43.800000,"Y","N","N",57.134166,-152.265333,43.900000,"17:51",15.000000,1.401021,1.340000,1.401021,"1",,
"2017","D07","2017D07044","044","Thomas Minio","Provider","58200","K","KNE","C","KNE3","Standard","KB 203","06-03-2017",57.139166,-152.267166,74,44.400000,"18:54",130,4.900000,3,"2",,45.600000,44.400000,"Y","N","N",57.146333,-152.225166,45.600000,"19:09",15.000000,1.437440,1.300000,1.300000,"1",,
"2017","D07","2017D07045","045","Thomas Minio","Provider","58200","K","KNE","C","KNE3","Standard","JZ 203","06-04-2017",57.182333,-152.252833,140,44.100000,"08:15",130,4.900000,5,"4",,45.100000,44.100000,"Y","N","N",57.164000,-152.231000,45.100000,"08:30",15.000000,1.311556,1.290000,1.311556,"1",,
"2017","D07","2017D07046","046","Thomas Minio","Provider","58200","K","KNE","C","KNE3","Standard","KA 204","06-04-2017",57.165833,-152.239000,121,45.200000,"08:56",130,4.800000,5,"4",,46.200000,45.200000,"Y","N","N",57.152666,-152.203833,46.200000,"09:11",15.000000,1.393915,1.330000,1.393915,"1",,
"2017","D07","2017D07047","047","Thomas Minio","Provider","58200","K","KNE","C","KNE3","Standard","KB 206","06-04-2017",57.148666,-152.169333,128,45.200000,"09:48",135,4.800000,6,"4",,46.600000,45.200000,"Y","N","N",57.137166,-152.132666,46.600000,"10:03",15.000000,1.382294,1.310000,1.382294,"1",,
"2017","D07","2017D07048","048","Thomas Minio","Provider","58200","K","KNE","C","KNE3","Standard","KC 206","06-04-2017",57.130500,-152.164500,125,46.700000,"10:50",135,4.900000,6,"5",,46.800000,46.700000,"Y","N","N",57.116666,-152.131000,46.800000,"11:05",15.000000,1.374168,1.320000,1.374168,"1",,
"2017","D07","2017D07049","049","Thomas Minio","Provider","58200","K","KNE","C","KNE3","Standard","KF 208","06-04-2017",57.070000,-152.098166,57,42.800000,"11:36",125,4.800000,6,"5",,42.800000,42.800000,"Y","N","N",57.083000,-152.065833,42.800000,"11:51",15.000000,1.314731,1.300000,1.314731,"1",,
"2017","D07","2017D07050","050","Thomas Minio","Provider","58200","K","KNE","C","KNE3","Standard","KE 208","06-04-2017",57.083333,-152.095166,57,44.100000,"12:24",135,4.800000,6,"4",,45.000000,44.100000,"Y","N","N",57.098000,-152.066000,45.000000,"12:39",15.000000,1.298381,1.330000,1.298381,"1",,
"2017","D07","2017D07051","051","Thomas Minio","Provider","58200","K","KNE","C","KNE3","Standard","KD 208","06-04-2017",57.097666,-152.070333,328,45.300000,"12:55",135,4.800000,6,"5",,45.500000,45.300000,"Y","N","N",57.115000,-152.095666,45.500000,"13:10",15.000000,1.330306,1.300000,1.330306,"1",,
"2017","D07","2017D07052","052","Thomas Minio","Provider","58200","K","KNE","C","KNE3","Standard","KC 209","06-04-2017",57.115166,-152.062166,7,44.900000,"13:32",135,4.800000,6,"5",,44.900000,44.800000,"Y","N","N",57.138166,-152.060500,44.800000,"13:47",15.000000,1.382633,1.300000,1.382633,"1",,
"2017","D07","2017D07053","053","Thomas Minio","Provider","58200","K","KNE","C","KNE3","Standard","KA 207","06-04-2017",57.150000,-152.125666,42,46.400000,"14:09",135,4.800000,6,"5",,46.400000,45.000000,"Y","N","N",57.166666,-152.097000,45.000000,"14:24",15.000000,1.370326,1.310000,1.370326,"1",,
"2017","D07","2017D07054","054","Thomas Minio","Provider","58200","K","KNE","C","KNE3","Standard","JZ 208","06-04-2017",57.170000,-152.105500,52,45.000000,"14:53",135,4.800000,6,"5",,45.000000,44.800000,"Y","N","N",57.184500,-152.071166,44.800000,"15:08",15.000000,1.418881,1.330000,1.418881,"1",,
"2017","D07","2017D07055","055","Thomas Minio","Provider","58200","K","KNE","C","KNE3","Standard","JX 208","06-04-2017",57.200000,-152.098833,52,44.900000,"15:28",135,4.900000,6,"5",,44.900000,43.500000,"Y","N","N",57.215666,-152.066333,43.500000,"15:43",15.000000,1.417023,1.350000,1.417023,"1",,
"2017","D07","2017D07056","056","Thomas Minio","Provider","58200","K","KNE","C","KNE3","Standard","JW 209","06-04-2017",57.218000,-152.068333,70,43.800000,"15:57",135,4.800000,6,"5",,43.800000,41.700000,"Y","N","N",57.229166,-152.033500,41.700000,"16:12",15.000000,1.318376,1.370000,1.318376,"1",,
"2017","D08","2017D08001","001","Thomas Minio","Provider","58200","D","YAK","C","YAKB","Standard","DY 451","05-06-2017",59.788166,-143.996166,50,58.200000,"15:11",170,4.800000,2,"2",,58.200000,57.300000,"N","N","N",59.806166,-143.953833,57.300000,"15:26",15.000000,1.677830,1.900000,1.900000,"1",,
"2017","D08","2017D08002","002","Thomas Minio","Provider","58200","D","YAK","C","YAKB","Standard","DX 451","05-06-2017",59.814166,-143.975666,212,54.600000,"16:25",150,4.900000,2,"2",,55.600000,54.600000,"N","N","N",59.791666,-143.996666,55.600000,"16:40",15.000000,1.494580,1.300000,1.300000,"1",,
"2017","D08","2017D08003","003","Thomas Minio","Provider","58200","D","YAK","C","YAKB","Standard","DW 452","05-06-2017",59.819166,-143.961000,54,54.600000,"17:12",160,4.800000,2,"3",,55.400000,54.600000,"N","N","N",59.833333,-143.932666,55.400000,"17:25",15.000000,1.208500,1.250000,1.208500,"1",,
"2017","D08","2017D08004","004","Thomas Minio","Provider","58200","D","YAK","C","YAKB","Standard","DV 453","05-06-2017",59.835500,-143.929166,44,55.400000,"17:58",160,4.800000,2,"3",,55.100000,55.600000,"N","N","N",59.851000,-143.904833,55.400000,"18:13",15.000000,1.187390,1.320000,1.320000,"1",,
"2017","D08","2017D08005","005","Thomas Minio","Provider","58200","D","YAK","C","YAKB","Standard","DU 452","05-06-2017",59.853500,-143.958333,36,48.600000,"18:40",150,4.900000,2,"3",,48.600000,46.900000,"N","N","N",59.872000,-143.934500,46.900000,"18:55",15.000000,1.325070,1.340000,1.325070,"1",,
"2017","D08","2017D08006","006","Thomas Minio","Provider","58200","D","YAK","C","YAKB","Standard","DU 455","05-08-2017",59.851000,-143.862333,49,60.000000,"19:53",175,4.900000,4,"5",,60.000000,64.800000,"N","N","N",59.867000,-143.833666,64.800000,"20:08",15.000000,1.294670,1.310000,1.294670,"1",,
"2017","D08","2017D08007","007","Thomas Minio","Provider","58200","D","YAK","C","YAKB","Standard","DT 454","05-08-2017",59.881833,-143.875833,204,53.400000,"20:42",150,4.700000,4,"5",,53.400000,54.200000,"N","N","N",59.864166,-143.900000,53.700000,"20:57",15.000000,1.288860,1.290000,1.288860,"1",,
"2017","D08","2017D08008","008","Thomas Minio","Provider","58200","D","YAK","C","YAKB","Standard","DT 451","05-08-2017",59.868000,-143.987833,32,43.400000,"09:29",140,4.700000,4,"5",,43.400000,40.900000,"N","N","N",59.885833,-143.964833,40.900000,"09:41",15.000000,1.277590,1.310000,1.277590,"1",,
"2017","D08","2017D08009","009","Thomas Minio","Provider","58200","D","YAK","C","YAKB","Standard","DS 453","05-08-2017",59.883000,-143.934000,45,45.300000,"10:36",140,4.700000,4,"5",,45.300000,44.600000,"N","N","N",59.898333,-143.903000,44.600000,"10:51",15.000000,1.313910,1.320000,1.313910,"1",,
"2017","D08","2017D08010","010","Thomas Minio","Provider","58200","D","YAK","C","YAKB","Standard","DR 454","05-08-2017",59.901333,-143.897333,43,44.800000,"11:13",140,4.700000,4,"5",,45.000000,44.400000,"N","N","N",59.916166,-143.868833,44.400000,"11:28",15.000000,1.239080,1.310000,1.239080,"1",,
"2017","D08","2017D08011","011","Thomas Minio","Provider","58200","D","YAK","C","YAKB","Standard","DQ 455","05-08-2017",59.916166,-143.865000,47,45.300000,"11:49",135,4.700000,4,"5",,45.600000,44.800000,"N","N","N",59.932166,-143.836833,45.600000,"12:04",15.000000,1.283510,1.310000,1.283510,"1",,
"2017","D08","2017D08012","012","Thomas Minio","Provider","58200","D","YAK","C","YAK1","Standard","DL 471","05-08-2017",60.009333,-143.330666,87,60.000000,"14:25",180,4.800000,6,"3",,60.000000,59.600000,"N","N","N",60.009500,-143.284500,59.600000,"14:40",15.000000,1.389400,1.350000,1.389400,"1",,
"2017","D08","2017D08013","013","Thomas Minio","Provider","58200","D","YAK","C","YAK1","Standard","DL 474","05-08-2017",60.010000,-143.231666,91,58.500000,"15:19",175,4.700000,6,"6",,59.700000,58.600000,"N","N","N",60.009833,-143.192000,59.700000,"15:34",15.000000,1.193750,1.210000,1.193750,"1",,
"2017","D08","2017D08014","014","Thomas Minio","Provider","58200","D","YAK","C","YAK1","Standard","DK 474","05-08-2017",60.023333,-143.203666,265,47.900000,"16:08",145,5.000000,6,"5",,47.900000,46.200000,"N","N","N",60.021833,-143.247166,47.600000,"16:23",15.000000,1.311669,1.360000,1.311669,"1",,
"2017","D08","2017D08015","015","Thomas Minio","Provider","58200","D","YAK","C","YAK1","Standard","DL 477","05-08-2017",60.010833,-143.125666,93,59.300000,"17:07",175,4.600000,6,"7",,59.300000,58.700000,"N","N","N",60.011000,-143.086033,58.700000,"17:22",15.000000,1.192690,1.290000,1.192690,"1",,
"2017","D08","2017D08016","016","Thomas Minio","Provider","58200","D","YAK","C","YAK1","Standard","DK 477","05-08-2017",60.020000,-143.103666,266,52.900000,"18:00",155,4.900000,5,"5",,52.900000,51.800000,"N","N","N",60.019333,-143.145500,51.800000,"18:15",15.000000,1.259160,1.290000,1.259160,"1",,
"2017","D08","2017D08017","017","Thomas Minio","Provider","58200","D","YAK","C","YAK1","Standard","DL 480","05-08-2017",60.013000,-143.027166,94,57.200000,"19:02",175,4.800000,4,"4",,58.400000,57.200000,"N","N","N",60.011166,-142.985666,58.400000,"19:17",15.000000,1.253610,1.360000,1.253610,"1",,
"2017","D08","2017D08018","018","Thomas Minio","Provider","58200","D","YAK","C","YAK1","Standard","DK 480","05-09-2017",60.021500,-143.035666,94,53.200000,"07:54",150,4.700000,5,"5",,54.600000,53.200000,"N","N","N",60.020666,-142.995000,54.600000,"08:09",15.000000,1.224380,1.200000,1.224380,"1",,
"2017","D08","2017D08019","019","Thomas Minio","Provider","58200","D","YAK","C","YAK1","Standard","DJ 482","05-09-2017",60.035500,-142.970000,85,45.000000,"08:53",135,4.800000,4,"4",,45.000000,43.800000,"N","N","N",60.036000,-142.926500,43.800000,"09:08",15.000000,1.308340,1.200000,1.308340,"1",,
"2017","D08","2017D08020","020","Thomas Minio","Provider","58200","D","YAK","C","YAK1","Standard","DK 483","05-09-2017",60.029333,-142.930333,91,47.700000,"09:46",140,4.700000,4,"4",,47.700000,46.500000,"N","N","N",60.028833,-142.890333,47.000000,"10:01",15.000000,1.203360,1.290000,1.203360,"1",,
"2017","D08","2017D08021","021","Thomas Minio","Provider","58200","D","YAK","C","YAK1","Standard","DL 483","05-09-2017",60.012666,-142.931500,98,56.000000,"10:30",160,4.900000,4,"4",,56.000000,55.700000,"N","N","N",60.011833,-142.890000,55.700000,"10:45",15.000000,1.249740,1.250000,1.249740,"1",,
"2017","D08","2017D08022","022","Thomas Minio","Provider","58200","D","YAK","C","YAK1","Standard","DM 482","05-09-2017",59.997000,-142.958333,93,63.900000,"11:44",185,4.900000,5,"6",,63.900000,61.700000,"N","N","N",59.996500,-142.918166,61.700000,"11:59",15.000000,1.209560,1.350000,1.350000,"1",,
"2017","D08","2017D08023","023","Thomas Minio","Provider","58200","D","YAK","C","YAK1","Standard","DM 485","05-09-2017",59.994166,-142.860666,95,59.600000,"12:35",185,4.800000,6,"6",,59.600000,57.000000,"N","N","N",59.992833,-142.818833,57.000000,"12:50",15.000000,1.262010,1.360000,1.262010,"1",,
"2017","D08","2017D08024","024","Thomas Minio","Provider","58200","D","YAK","C","YAK1","Standard","DL 486","05-09-2017",60.006000,-142.830833,93,53.400000,"13:33",160,4.800000,4,"4",,53.400000,50.300000,"N","N","N",60.006166,-142.788333,50.300000,"13:48",15.000000,1.279080,1.250000,1.279080,"1",,
"2017","D08","2017D08025","025","Thomas Minio","Provider","58200","D","YAK","C","YAK1","Standard","DK 486","05-09-2017",60.025166,-142.832333,91,45.900000,"14:33",140,4.700000,4,"4",,45.900000,44.600000,"N","N","N",60.025333,-142.790000,44.600000,"14:48",15.000000,1.273330,1.320000,1.273330,"1",,
"2017","D08","2017D08026","026","Thomas Minio","Provider","58200","D","YAK","C","YAK1","Standard","DJ 485","05-09-2017",60.039000,-142.864833,91,39.900000,"15:22",125,4.900000,3,"4",,39.900000,38.100000,"N","N","N",60.037833,-142.822500,38.100000,"15:37",15.000000,1.274720,1.280000,1.274720,"1",,
"2017","D08","2017D08027","027","Thomas Minio","Provider","58200","D","YAK","C","YAK1","Standard","DJ 488","05-09-2017",60.035833,-142.768166,93,37.200000,"16:03",125,4.700000,3,"4",,37.200000,36.600000,"N","N","N",60.034666,-142.725500,36.600000,"16:18",15.000000,1.284830,1.310000,1.284830,"1",,
"2017","D08","2017D08028","028","Thomas Minio","Provider","58200","D","YAK","C","YAK1","Ancillary ","DL 488","05-09-2017",60.014833,-142.735000,269,43.000000,"16:41",125,5.000000,2,"3",,47.000000,43.000000,"N","N","N",60.014833,-142.778833,47.000000,"16:56",15.000000,1.318810,1.390000,1.318810,"1",,
"2017","D08","2017D08029","029","Thomas Minio","Provider","58200","D","YAK","C","YAK1","Standard Non-Selected","DM 487","05-09-2017",59.996166,-142.816500,90,53.200000,"17:24",165,4.900000,2,"3",,53.200000,40.400000,"N","N","N",59.996166,-142.755500,48.400000,"17:39",15.000000,1.836350,1.350000,1.350000,"1",,
"2017","D08","2017D08030","030","Thomas Minio","Provider","58200","D","YAK","C","YAK2","Standard","DM 491","05-09-2017",59.988666,-142.666666,90,48.800000,"18:20",150,4.800000,2,"2",,48.800000,47.700000,"N","N","N",59.985833,-142.623666,47.700000,"18:35",15.000000,1.305950,1.300000,1.305950,"1",,
"2017","D08","2017D08031","031","Thomas Minio","Provider","58200","D","YAK","C","YAK2","Standard","DL 492","05-10-2017",60.003666,-142.632666,94,42.600000,"07:50",125,4.800000,2,"2",,42.600000,40.800000,"N","N","N",60.002000,-142.591000,40.800000,"08:05",15.000000,1.258050,1.290000,1.258050,"1",,
"2017","D08","2017D08032","032","Thomas Minio","Provider","58200","D","YAK","C","YAK2","Standard Non-Selected","DK 494","05-10-2017",60.017500,-142.569000,87,34.700000,"08:47",110,5.000000,2,"2",,34.700000,32.600000,"N","N","N",60.018000,-142.526166,32.600000,"09:02",15.000000,1.288930,1.390000,1.288930,"1",,
"2017","D08","2017D08033","033","Thomas Minio","Provider","58200","D","YAK","C","YAK2","Standard","DL 494","05-10-2017",60.010166,-142.564333,114,37.100000,"09:30",115,5.000000,2,"2",,37.500000,37.100000,"N","N","N",60.001500,-142.522000,37.500000,"09:45",15.000000,1.376350,1.360000,1.376350,"1",,
"2017","D08","2017D08034","034","Thomas Minio","Provider","58200","D","YAK","C","YAK2","Standard","DM 494","05-10-2017",59.995333,-142.563166,105,41.800000,"10:16",125,4.800000,2,"2",,41.800000,41.400000,"N","N","N",59.989333,-142.524666,41.100000,"10:31",15.000000,1.213900,1.290000,1.213900,"1",,
"2017","D08","2017D08035","035","Thomas Minio","Provider","58200","D","YAK","C","YAK2","Standard","DN 493","05-10-2017",59.980000,-142.594500,103,48.400000,"11:08",150,5.000000,2,"2",,48.400000,47.700000,"N","N","N",59.974166,-142.549833,47.700000,"11:23",15.000000,1.390310,1.390000,1.390310,"1",,
"2017","D08","2017D08036","036","Thomas Minio","Provider","58200","D","YAK","C","YAK2","Standard","DO 496","05-10-2017",59.961500,-142.495000,102,47.400000,"11:56",150,4.900000,2,"2",,47.300000,45.300000,"N","N","N",59.955666,-142.453333,45.300000,"12:11",15.000000,1.303730,1.340000,1.303730,"1",,
"2017","D08","2017D08037","037","Thomas Minio","Provider","58200","D","YAK","C","YAK2","Standard","DN 496","05-10-2017",59.980666,-142.496333,119,43.100000,"12:48",130,4.800000,2,"2",,43.100000,42.900000,"N","N","N",59.969333,-142.458666,42.900000,"13:03",15.000000,1.323340,1.290000,1.323340,"1",,
"2017","D08","2017D08038","038","Thomas Minio","Provider","58200","D","YAK","C","YAK2","Standard","DM 497","05-10-2017",59.995000,-142.464833,116,37.500000,"13:44",115,4.800000,2,"2",,38.000000,37.500000,"N","N","N",59.985166,-142.429000,38.000000,"13:59",15.000000,1.230130,1.310000,1.230130,"1",,
"2017","D08","2017D08039","039","Thomas Minio","Provider","58200","D","YAK","C","YAK2","Standard","DL 497","05-10-2017",60.009000,-142.462666,111,33.900000,"14:28",105,4.800000,2,"2",,,,"N","N","N",60.001000,-142.424000,34.300000,"14:43",15.000000,1.259070,1.330000,1.259070,"1",,
"2017","D08","2017D08040","040","Thomas Minio","Provider","58200","D","YAK","C","YAK2","Standard","DM 500","05-10-2017",59.990833,-142.368333,110,33.300000,"15:13",100,4.800000,2,"2",,33.300000,33.000000,"N","N","N",59.982833,-142.329666,33.000000,"15:28",15.000000,1.259650,1.270000,1.259650,"1",,
"2017","D08","2017D08041","041","Thomas Minio","Provider","58200","D","YAK","C","YAK2","Standard","DN 499","05-10-2017",59.976666,-142.393500,116,37.800000,"16:06",110,4.900000,2,"3",,37.800000,37.000000,"N","N","N",59.967166,-142.355333,37.000000,"16:21",15.000000,1.283700,1.310000,1.283700,"1",,
"2017","D08","2017D08042","042","Thomas Minio","Provider","58200","D","YAK","C","YAK2","Standard","DO 499","05-10-2017",59.963500,-142.394000,116,39.300000,"16:49",120,4.800000,2,"3",,39.300000,39.000000,"N","N","N",59.953666,-142.356500,39.000000,"17:04",15.000000,1.275310,1.360000,1.275310,"1",,
"2017","D08","2017D08043","043","Thomas Minio","Provider","58200","D","YAK","C","YAK2","Standard","DP 497","05-10-2017",59.944666,-142.470166,115,48.900000,"17:40",150,4.800000,2,"3",,48.900000,46.300000,"N","N","N",59.934166,-142.424666,46.300000,"17:55",15.000000,1.510170,1.330000,1.330000,"1",,
"2017","D08","2017D08044","044","Thomas Minio","Provider","58200","D","YAK","C","YAK2","Standard","DQ 498","05-10-2017",59.929833,-142.426666,126,47.600000,"18:29",145,4.900000,2,"3",,47.600000,46.300000,"N","N","N",59.915666,-142.395000,46.300000,"18:44",15.000000,1.279660,1.360000,1.279660,"1",,
"2017","D08","2017D08045","045","Thomas Minio","Provider","58200","D","YAK","C","YAK2","Standard","DR 498","05-10-2017",59.916666,-142.432000,135,49.900000,"19:14",150,4.900000,2,"3",,49.900000,48.700000,"N","N","N",59.900333,-142.401333,48.700000,"19:29",15.000000,1.349149,1.290000,1.349149,"1",,
"2017","D08","2017D08046","046","Thomas Minio","Provider","58200","D","YAK","C","YAK2","Standard","DP 500","05-11-2017",59.949333,-142.367500,130,38.900000,"07:57",120,4.800000,0,"2",,38.900000,38.200000,"N","N","N",59.937666,-142.333666,38.200000,"08:12",15.000000,1.237800,1.270000,1.237800,"1",,
"2017","D08","2017D08047","047","Thomas Minio","Provider","58200","D","YAK","C","YAK2","Standard","DQ 501","05-11-2017",59.930833,-142.332666,130,39.400000,"08:47",130,4.800000,0,"2",,39.900000,39.400000,"N","N","N",59.919166,-142.300666,39.900000,"09:02",15.000000,1.193079,1.310000,1.193079,"1",,
"2017","D08","2017D08048","048","Thomas Minio","Provider","58200","D","YAK","C","YAK2","Standard","DR 503","05-11-2017",59.915500,-142.264833,120,38.100000,"09:36",120,4.900000,0,"2",,38.100000,37.500000,"N","N","N",59.901333,-142.231666,37.500000,"09:51",15.000000,1.314100,1.350000,1.314100,"1",,
"2017","D08","2017D08049","049","Thomas Minio","Provider","58200","D","YAK","C","YAK2","Standard","DS 505","05-11-2017",59.887500,-142.171000,302,35.600000,"10:24",105,4.800000,0,"1",,36.400000,35.600000,"N","N","N",59.901000,-142.203666,36.400000,"10:39",15.000000,1.277130,1.290000,1.277130,"1",,
"2017","D08","2017D08050","050","Thomas Minio","Provider","58200","D","YAK","C","YAK2","Standard","DR 506","05-11-2017",59.906500,-142.137500,300,32.800000,"11:22",100,4.800000,0,"1",,,,"N","N","N",59.918500,-142.173500,33.600000,"11:37",15.000000,1.303960,1.340000,1.303960,"1",,
"2017","D08","2017D08051","051","Thomas Minio","Provider","58200","D","YAK","C","YAK2","Standard","DQ 504","05-11-2017",59.920000,-142.200333,303,35.200000,"12:05",105,4.800000,0,"1",,36.100000,35.200000,"N","N","N",59.931500,-142.232333,36.100000,"12:20",15.000000,1.187200,1.300000,1.187200,"1",,
"2017","D08","2017D08052","052","Thomas Minio","Provider","58200","D","YAK","C","YAK2","Standard","DP 503","05-11-2017",59.934833,-142.235333,304,36.100000,"12:49",105,4.800000,0,"1",,36.100000,35.800000,"N","N","N",59.948333,-142.269500,35.800000,"13:04",15.000000,1.311290,1.350000,1.311290,"1",,
"2017","D08","2017D08053","053","Thomas Minio","Provider","58200","D","YAK","C","YAK2","Standard","DO 502","05-11-2017",59.951833,-142.268666,302,35.500000,"13:36",105,4.800000,0,"1",,35.500000,35.400000,"N","N","N",59.963500,-142.304000,35.400000,"13:51",15.000000,1.274940,1.340000,1.274940,"1",,
"2017","D08","2017D08054","054","Thomas Minio","Provider","58200","D","YAK","C","YAK2","Standard","DN 502","05-11-2017",59.965833,-142.264000,300,32.900000,"14:24",95,4.800000,0,"1",,32.900000,32.500000,"N","N","N",59.977500,-142.297166,32.600000,"14:39",15.000000,1.220590,1.310000,1.220590,"1",,
"2017","D08","2017D08055","055","Thomas Minio","Provider","58200","D","YAK","C","YAK2","Standard","DM 503","05-11-2017",59.991000,-142.267500,105,29.200000,"15:16",90,5.000000,0,"1",,29.200000,28.200000,"N","N","N",59.983333,-142.226500,28.200000,"15:31",15.000000,1.317700,1.350000,1.317700,"1",,
"2017","D08","2017D08056","056","Thomas Minio","Provider","58200","D","YAK","C","YAK2","Standard","DN 505","05-11-2017",59.976833,-142.197166,122,27.900000,"15:51",90,5.000000,0,"1",,27.900000,27.300000,"N","N","N",59.964333,-142.160500,27.300000,"16:06",15.000000,1.335820,1.380000,1.335820,"1",,
"2017","D08","2017D08057","057","Thomas Minio","Provider","58200","D","YAK","C","YAK4","Standard","ER 573","05-12-2017",59.482333,-139.936500,107,61.200000,"07:47",180,4.900000,2,"3",,61.800000,61.200000,"N","N","N",59.473000,-139.898666,61.800000,"08:02",15.000000,1.285419,1.360000,1.285419,"1",,"No Dredgemaster data for this tow"
"2017","D08","2017D08058","058","Thomas Minio","Provider","58200","D","YAK","C","YAK4","Standard","ES 576","05-12-2017",59.465166,-139.830666,119,50.600000,"08:26",150,4.800000,2,"3",,50.600000,48.800000,"N","N","N",59.454666,-139.796833,48.800000,"08:41",15.000000,1.212060,1.300000,1.212060,"1",,
"2017","D08","2017D08059","059","Thomas Minio","Provider","58200","D","YAK","C","YAK4","Standard","ET 577","05-12-2017",59.449500,-139.799666,115,53.200000,"09:12",160,4.900000,1,"2",,53.200000,49.900000,"N","N","N",59.438333,-139.758666,49.900000,"09:27",15.000000,1.422860,1.330000,1.422860,"1",,
"2017","D08","2017D08060","060","Thomas Minio","Provider","58200","D","YAK","C","YAK4","Standard","EU 579","05-12-2017",59.430166,-139.732333,136,49.300000,"09:57",145,5.000000,2,"2",,49.300000,52.900000,"N","N","N",59.416000,-139.706500,52.900000,"10:09",15.000000,1.162089,1.290000,1.162089,"1",,
"2017","D08","2017D08061","061","Thomas Minio","Provider","58200","D","YAK","C","YAK4","Ancillary ","ET 580","05-12-2017",59.431833,-139.668166,299,26.100000,"10:33",90,4.900000,3,"3",,27.700000,26.100000,"N","N","N",59.442833,-139.702666,27.700000,"10:48",15.000000,1.245820,1.280000,1.245820,"1",,"Too Shallow, Not scallop habitat, do not include in assessment"
"2017","D08","2017D08062","062","Thomas Minio","Provider","58200","D","YAK","C","YAK4","Standard","ES 578","05-12-2017",59.449666,-139.732000,301,31.200000,"11:04",100,4.900000,3,"3",,33.100000,31.200000,"N","N","N",59.462500,-139.769166,33.100000,"11:19",15.000000,1.373840,1.270000,1.373840,"1",,"Replacement station"
"2017","D08","2017D08063","063","Thomas Minio","Provider","58200","D","YAK","C","YAK4","Standard","EQ 574","05-13-2017",59.491333,-139.895666,110,44.400000,"07:48",135,4.900000,4,"5",,44.800000,44.400000,"N","N","N",59.478500,-139.850333,44.800000,"08:03",15.000000,1.585760,1.260000,1.260000,"1",,
"2017","D08","2017D08064","064","Thomas Minio","Provider","58200","D","YAK","C","YAK4","Standard","ER 576","05-13-2017",59.474833,-139.835000,108,43.600000,"08:44",135,4.900000,4,"5",,43.600000,38.300000,"N","N","N",59.466666,-139.795166,38.200000,"08:59",15.000000,1.313170,1.310000,1.313170,"1",,
"2017","D08","2017D08065","065","Thomas Minio","Provider","58200","D","YAK","C","YAK4","Standard","EW 580","05-13-2017",59.398500,-139.696833,120,61.200000,"09:42",185,4.800000,4,"4",,61.800000,61.200000,"N","N","N",59.387000,-139.660333,61.800000,"09:57",15.000000,1.314910,1.290000,1.314910,"1",,
"2017","D08","2017D08066","066","Thomas Minio","Provider","58200","D","YAK","C","YAK4","Standard","EV 581","05-13-2017",59.410333,-139.659833,117,45.300000,"10:34",135,4.800000,4,"4",,45.500000,45.000000,"N","N","N",59.398500,-139.623500,45.000000,"10:49",15.000000,1.320920,1.310000,1.320920,"1",,
"2017","D08","2017D08067","067","Thomas Minio","Provider","58200","D","YAK","C","YAK4","Standard","EW 583","05-13-2017",59.393000,-139.596333,118,44.300000,"11:21",135,4.900000,4,"4",,44.300000,40.600000,"N","N","N",59.381666,-139.559000,40.600000,"11:36",15.000000,1.331730,1.310000,1.331730,"1",,
"2017","D08","2017D08068","068","Thomas Minio","Provider","58200","D","YAK","C","YAK4","Standard","EX 583","05-13-2017",59.382333,-139.596833,126,53.200000,"12:13",150,4.900000,4,"4",,54.400000,53.200000,"N","N","N",59.368833,-139.562833,54.400000,"12:28",15.000000,1.321030,1.340000,1.321030,"1",,
"2017","D08","2017D08069","069","Thomas Minio","Provider","58200","D","YAK","C","YAK4","Standard","EZ 584","05-13-2017",59.349166,-139.562833,130,66.500000,"13:03",185,4.900000,4,"4",,67.300000,66.500000,"N","N","N",59.335000,-139.531333,67.300000,"13:18",15.000000,1.288250,1.360000,1.288250,"1",,
"2017","D08","2017D08070","070","Thomas Minio","Provider","58200","D","YAK","C","YAK4","Standard","EY 585","05-13-2017",59.361500,-139.529166,125,50.800000,"13:50",150,4.900000,4,"4",,53.000000,50.800000,"N","N","N",59.347333,-139.493666,53.000000,"14:05",15.000000,1.382480,1.310000,1.382480,"1",,
"2017","D08","2017D08071","071","Thomas Minio","Provider","58200","D","YAK","C","YAK4","Standard","FA 586","05-13-2017",59.333500,-139.491333,140,60.700000,"14:43",180,4.900000,4,"3",,62.600000,60.700000,"N","N","N",59.314500,-139.462666,62.600000,"14:58",15.000000,1.441759,1.370000,1.441759,"1",,
"2017","D08","2017D08072","072","Thomas Minio","Provider","58200","D","YAK","C","YAK4","Standard","EZ 587","05-13-2017",59.348500,-139.464166,136,39.700000,"15:31",120,4.800000,3,"3",,41.700000,39.700000,"N","N","N",59.332666,-139.437500,41.700000,"15:46",15.000000,1.255130,1.340000,1.255130,"1",,
"2017","D08","2017D08073","073","Thomas Minio","Provider","58200","D","YAK","C","YAK4","Ancillary ","FA 589","05-13-2017",59.329166,-139.397666,136,26.500000,"16:20",80,4.800000,3,"3",,26.500000,26.400000,"N","N","N",59.316000,-139.365333,26.400000,"16:35",15.000000,1.269730,1.380000,1.269730,"1",,"Too Shallow, Not scallop habitat, do not include in assessment"
"2017","D08","2017D08074","074","Thomas Minio","Provider","58200","D","YAK","C","YAK4","Standard","FB 589","05-13-2017",59.314666,-139.398500,147,39.500000,"16:54",120,4.800000,3,"3",,42.400000,39.500000,"N","N","N",59.298666,-139.381000,42.400000,"17:09",15.000000,1.101630,1.290000,1.290000,"1",,
"2017","D08","2017D08075","075","Thomas Minio","Provider","58200","D","YAK","C","YAK4","Standard","FC 588","05-13-2017",59.297833,-139.418500,165,56.500000,"17:40",165,4.800000,3,"3",,60.000000,56.500000,"N","N","N",59.277333,-139.408333,60.000000,"17:55",15.000000,1.270920,1.330000,1.270920,"1",,
"2017","D08","2017D08076","076","Thomas Minio","Provider","58200","D","YAK","C","YAK4","Standard","FD 588","05-13-2017",59.281333,-139.412833,164,60.800000,"18:31",180,4.800000,3,"3",,60.800000,60.600000,"N","N","N",59.259000,-139.398500,60.600000,"18:46",15.000000,1.412619,1.350000,1.412619,"1",,
"2017","D08","2017D08077","077","Thomas Minio","Provider","58200","D","YAK","C","YAK4","Ancillary ","FD 591","05-13-2017",59.285833,-139.331500,153,32.500000,"19:17",95,4.800000,2,"2",,32.500000,35.900000,"N","N","N",59.265500,-139.318000,35.900000,"19:32",15.000000,1.290500,1.310000,1.290500,"1",,"Too Shallow, Not scallop habitat, do not include in assessment"
"2017","D08","2017D08078","078","Thomas Minio","Provider","58200","D","YAK","C","YAK4","Standard","FE 591","05-14-2017",59.265833,-139.332833,151,38.300000,"08:11",120,4.800000,3,"4",,38.300000,39.000000,"N","N","N",59.246500,-139.313833,39.000000,"08:26",15.000000,1.300620,1.350000,1.300620,"1",,
"2017","D08","2017D08079","079","Thomas Minio","Provider","58200","D","YAK","C","YAK4","Standard","FF 591","05-14-2017",59.253166,-139.333000,144,40.300000,"08:58",120,4.900000,3,"4",,40.600000,40.300000,"N","N","N",59.230166,-139.304500,40.600000,"09:13",15.000000,1.637110,1.320000,1.320000,"1",,
"2017","D08","2017D08080","080","Thomas Minio","Provider","58200","D","YAK","C","YAK4","Standard","FG 590","05-14-2017",59.233833,-139.359500,150,48.000000,"09:51",145,4.800000,4,"4",,48.000000,47.800000,"N","N","N",59.213333,-139.340500,48.000000,"10:06",15.000000,1.363840,1.310000,1.363840,"1",,
"2017","D08","2017D08081","081","Thomas Minio","Provider","58200","D","YAK","C","YAK4","Standard","FH 591","05-14-2017",59.216500,-139.332166,141,46.100000,"10:53",135,4.800000,5,"4",,46.100000,45.700000,"N","N","N",59.199333,-139.308333,45.700000,"11:08",15.000000,1.266340,1.270000,1.266340,"1",,
"2017","D08","2017D08082","082","Thomas Minio","Provider","58200","D","YAK","C","YAK4","Standard","FG 593","05-14-2017",59.236500,-139.266166,155,35.500000,"11:52",,4.800000,4,"4",,36.200000,35.500000,"N","N","N",59.227500,-139.242833,36.200000,"12:07",15.000000,0.899352,1.290000,1.290000,"1",,
"2017","D08","2017D08083","083","Thomas Minio","Provider","58200","D","YAK","C","YAK4","Standard","FH 594","05-14-2017",59.215666,-139.233500,137,35.600000,"12:33",,4.800000,4,"4",,36.100000,35.600000,"N","N","N",59.198166,-139.202500,36.100000,"12:48",15.000000,1.420790,1.350000,1.420790,"1",,
"2017","D08","2017D08084","084","Thomas Minio","Provider","58200","D","YAK","C","YAK4","Standard","FI 593","05-14-2017",59.200333,-139.261666,143,41.300000,"13:11",120,4.800000,4,"4",,41.800000,41.300000,"N","N","N",59.183500,-139.236666,41.800000,"13:26",15.000000,1.271750,1.290000,1.271750,"1",,
"2017","D08","2017D08085","085","Thomas Minio","Provider","58200","D","YAK","C","YAK4","Standard","FI 596","05-14-2017",59.199166,-139.168500,135,33.400000,"13:53",90,4.800000,4,"4",,33.600000,33.400000,"N","N","N",59.185166,-139.138333,33.600000,"14:08",15.000000,1.254140,1.330000,1.254140,"1",,
"2017","D08","2017D08086","086","Thomas Minio","Provider","58200","D","YAK","C","YAK4","Standard","FJ 595","05-14-2017",59.183833,-139.199666,136,39.100000,"14:33",120,5.000000,4,"4",,39.100000,38.600000,"N","N","N",59.168166,-139.167666,39.100000,"14:48",15.000000,1.364060,1.340000,1.364060,"1",,
"2017","D08","2017D08087","087","Thomas Minio","Provider","58200","D","YAK","C","YAK4","Standard","FK 595","05-14-2017",59.168166,-139.197833,140,41.400000,"15:17",120,4.900000,4,"4",,41.400000,40.700000,"N","N","N",59.152833,-139.164500,40.700000,"15:32",15.000000,1.381010,1.280000,1.381010,"1",,
"2017","D08","2017D08088","088","Thomas Minio","Provider","58200","D","YAK","C","YAK4","Standard","FL 596","05-14-2017",59.151833,-139.167166,139,41.400000,"16:00",125,4.800000,3,"4",,42.000000,41.400000,"N","N","N",59.133333,-139.133833,42.000000,"16:15",15.000000,1.514990,1.350000,1.350000,"1",,
"2017","D08","2017D08089","089","Thomas Minio","Provider","58200","D","YAK","C","YAK4","Standard","FN 596","05-14-2017",59.116666,-139.163166,138,46.300000,"16:40",135,4.700000,3,"4",,46.700000,46.300000,"N","N","N",59.100666,-139.136166,46.700000,"16:55",15.000000,1.273110,1.280000,1.273110,"1",,
"2017","D08","2017D08090","090","Thomas Minio","Provider","58200","D","YAK","C","YAK4","Standard","FM 598","05-14-2017",59.134000,-139.097000,138,39.700000,"17:32",120,4.800000,2,"3",,40.900000,39.700000,"N","N","N",59.117166,-139.067833,40.900000,"17:47",15.000000,1.354660,1.340000,1.354660,"1",,
"2017","D08","2017D08091","091","Thomas Minio","Provider","58200","D","YAK","C","YAK4","Standard","FO 599","05-14-2017",59.101500,-139.067000,138,43.300000,"18:15",130,4.800000,2,"3",,44.900000,43.300000,"N","N","N",59.083166,-139.030333,44.900000,"18:30",15.000000,1.580920,1.330000,1.330000,"1",,
"2017","D08","2017D08092","092","Thomas Minio","Provider","58200","D","YAK","C","YAK4","Standard","FP 601","05-14-2017",59.082666,-139.003000,118,43.600000,"18:53",130,4.800000,1,"3",,45.000000,43.600000,"N","N","N",59.071000,-138.964833,45.000000,"19:08",15.000000,1.373200,1.290000,1.373200,"1",,
"2017","D08","2017D08093","093","Thomas Minio","Provider","58200","D","YAK","C","YAK4","Ancillary ","FJ 598","05-15-2017",59.184000,-139.104333,136,31.400000,"08:04",95,4.800000,2,"3",,31.600000,31.400000,"N","N","N",59.166666,-139.069333,31.600000,"08:19",15.000000,1.500210,1.280000,1.280000,"1",,"Too Shallow, Not scallop habitat, do not include in assessment"
"2017","D08","2017D08094","094","Thomas Minio","Provider","58200","D","YAK","C","YAK4","Ancillary ","FK 598","05-15-2017",59.166000,-139.098333,136,33.200000,"08:36",95,4.800000,2,"3",,33.500000,33.200000,"N","N","N",59.151333,-139.066500,33.500000,"08:51",15.000000,1.319860,1.280000,1.319860,"1",,"Too Shallow, Not scallop habitat, do not include in assessment"
"2017","D08","2017D08095","095","Thomas Minio","Provider","58200","D","YAK","C","YAK4","Ancillary ","FL 599","05-15-2017",59.150666,-139.066333,138,33.500000,"09:04",95,4.900000,2,"3",,35.600000,33.500000,"N","N","N",59.132666,-139.034166,35.600000,"09:19",15.000000,1.468520,1.390000,1.468520,"1",,"Too Shallow, Not scallop habitat, do not include in assessment"
"2017","D08","2017D08096","096","Thomas Minio","Provider","58200","D","YAK","C","YAK4","Standard","FM 601","05-15-2017",59.134333,-139.002000,136,33.800000,"09:35",95,4.800000,3,"3",,34.400000,33.800000,"N","N","N",59.119500,-138.969500,34.400000,"09:50",15.000000,1.342590,1.330000,1.342590,"1",,
"2017","D08","2017D08097","097","Thomas Minio","Provider","58200","D","YAK","C","YAK4","Standard","FN 600","05-15-2017",59.115833,-139.034166,136,38.500000,"10:16",120,4.800000,3,"4",,39.000000,38.500000,"N","N","N",59.102000,-139.000500,39.000000,"10:31",15.000000,1.331840,1.250000,1.331840,"1",,
"2017","D08","2017D08098","098","Thomas Minio","Provider","58200","D","YAK","C","YAK4","Standard","FO 602","05-15-2017",59.096833,-138.965666,112,39.400000,"10:56",120,4.900000,3,"4",,40.100000,39.400000,"N","N","N",59.087666,-138.922833,40.100000,"11:11",15.000000,1.434510,1.370000,1.434510,"1",,
"2017","D08","2017D08099","099","Thomas Minio","Provider","58200","D","YAK","C","YAK4","Standard","FN 603","05-15-2017",59.104000,-138.937666,96,36.700000,"11:38",115,4.800000,3,"4",,36.700000,36.500000,"N","N","N",59.099833,-138.888666,36.500000,"11:53",15.000000,1.535350,1.320000,1.320000,"1",,
"2017","D08","2017D08100","100","Thomas Minio","Provider","58200","D","YAK","C","YAK4","Standard","FP 604","05-15-2017",59.074333,-138.898000,73,43.200000,"12:17",125,4.800000,3,"4",,43.200000,42.400000,"N","N","N",59.079666,-138.855166,42.400000,"12:32",15.000000,1.363340,1.330000,1.363340,"1",,
"2017","D08","2017D08101","101","Thomas Minio","Provider","58200","D","YAK","C","YAK5","Standard","FP 606","05-15-2017",59.071333,-138.834000,68,46.500000,"12:58",135,4.900000,3,"4",,46.500000,43.500000,"N","N","N",59.080833,-138.795166,43.500000,"13:13",15.000000,1.330170,1.270000,1.330170,"1",,
"2017","D08","2017D08102","102","Thomas Minio","Provider","58200","D","YAK","C","YAK5","Standard","FO 606","05-15-2017",59.085500,-138.837666,84,41.200000,"13:37",125,4.900000,3,"4",,41.200000,40.500000,"N","N","N",59.086666,-138.794333,40.500000,"13:52",15.000000,1.342090,1.320000,1.342090,"1",,
"2017","D08","2017D08103","103","Thomas Minio","Provider","58200","D","YAK","C","YAK5","Ancillary ","FN 607","05-15-2017",59.101166,-138.798666,89,32.700000,"14:18",100,4.800000,3,"4",,32.700000,31.500000,"N","N","N",59.101000,-138.756500,31.500000,"14:33",15.000000,1.303650,1.240000,1.303650,"1",,"Too Shallow, Not scallop habitat, do not include in assessment"
"2017","D08","2017D08104","104","Thomas Minio","Provider","58200","D","YAK","C","YAK5","Standard","FO 609","05-15-2017",59.087666,-138.733666,83,38.500000,"14:48",120,4.800000,3,"4",,41.200000,38.500000,"N","N","N",59.088833,-138.691333,41.200000,"15:03",15.000000,1.311150,1.290000,1.311150,"1",,
"2017","D08","2017D08105","105","Thomas Minio","Provider","58200","D","YAK","C","YAK5","Standard","FP 609","05-15-2017",59.074000,-138.731833,60,54.700000,"15:29",160,4.800000,3,"2",,54.700000,51.400000,"N","N","N",59.082833,-138.690000,51.400000,"15:44",15.000000,1.398820,1.390000,1.398820,"1",,
"2017","D08","2017D08106","106","Thomas Minio","Provider","58200","D","YAK","C","YAK5","Standard","FQ 609","05-15-2017",59.063333,-138.737666,79,67.400000,"16:14",195,4.700000,3,"4",,67.400000,66.200000,"N","N","N",59.065666,-138.691500,66.200000,"16:29",15.000000,1.435680,1.360000,1.435680,"1",,
"2017","D08","2017D08107","107","Thomas Minio","Provider","58200","D","YAK","C","YAK5","Standard","FQ 612","05-15-2017",59.063666,-138.634166,86,64.000000,"16:57",200,4.800000,3,"4",,64.000000,60.300000,"N","N","N",59.062333,-138.589333,60.300000,"17:12",15.000000,1.389950,1.360000,1.389950,"1",,
"2017","D08","2017D08108","108","Thomas Minio","Provider","58200","D","YAK","C","YAK5","Standard","FP 612","05-15-2017",59.074833,-138.643333,100,56.500000,"18:01",175,4.800000,3,"4",,57.800000,56.500000,"N","N","N",59.067666,-138.594333,57.800000,"18:16",15.000000,1.576220,1.300000,1.300000,"1",,
"2017","D08","2017D08109","109","Thomas Minio","Provider","58200","D","YAK","C","YAK5","Standard","FO 612","05-15-2017",59.087666,-138.634166,97,41.200000,"18:52",125,4.900000,3,"4",,41.200000,40.300000,"N","N","N",59.084166,-138.591833,40.300000,"19:07",15.000000,1.326170,1.310000,1.326170,"1",,
"2017","D08","2017D08110","110","Thomas Minio","Provider","58200","D","YAK","C","YAK5","Standard","FP 615","05-16-2017",59.074666,-138.535000,109,40.300000,"19:49",125,4.900000,0,"2",,41.900000,40.300000,"N","N","N",59.067333,-138.493000,41.900000,"20:04",15.000000,1.372360,1.300000,1.372360,"1",,
"2017","D08","2017D08111","111","Thomas Minio","Provider","58200","D","YAK","C","YAK5","Standard","FQ 615","05-16-2017",59.060833,-138.534666,110,52.300000,"19:39",,4.800000,0,"2",,54.400000,52.300000,"N","N","N",59.052166,-138.494166,54.400000,"19:54",15.000000,1.357660,1.290000,1.357660,"1",,
"2017","D08","2017D08112","112","Thomas Minio","Provider","58200","D","YAK","C","YAK5","Standard","FR 614","05-16-2017",59.048000,-138.569500,100,63.500000,"19:34",185,4.800000,0,"2",,63.500000,62.100000,"N","N","N",59.041666,-138.523166,62.100000,"19:49",15.000000,1.484460,1.270000,1.270000,"1",,
"2017","D08","2017D08113","113","Thomas Minio","Provider","58200","D","YAK","C","YAK5","Standard","FR 617","05-16-2017",59.049166,-138.449500,188,44.400000,"10:24",135,4.700000,4,"3",,44.400000,39.100000,"N","N","N",59.027333,-138.461166,39.100000,"10:39",15.000000,1.361020,1.350000,1.361020,"1",,
"2017","D08","2017D08114","114","Thomas Minio","Provider","58200","D","YAK","C","YAK5","Standard","FS 615","05-16-2017",59.035833,-138.497000,205,62.300000,"11:18",185,4.800000,4,"3",,65.100000,62.300000,"N","N","N",59.011833,-138.508333,65.100000,"11:33",15.000000,1.484500,1.280000,1.280000,"1",,
"2017","D08","2017D08115","115","Thomas Minio","Provider","58200","D","YAK","C","YAK5","Standard","FU 615","05-16-2017",59.001833,-138.501500,206,47.300000,"12:08",150,4.800000,4,"3",,50.900000,47.300000,"N","N","N",58.980500,-138.515166,50.900000,"12:23",15.000000,1.350350,1.360000,1.350350,"1",,
"2017","D08","2017D08116","116","Thomas Minio","Provider","58200","D","YAK","C","YAK5","Ancillary ","FT 617","05-16-2017",58.998500,-138.467000,21,35.100000,"12:51",105,,,,,,,"N","N","N",59.019666,-138.449833,34.400000,"13:06",15.000000,1.378930,1.360000,1.378930,"5","UN","No sample, too rocky, broke sweep chain"
"2017","D08","2017D08117","117","Thomas Minio","Provider","58200","D","YAK","C","YAK5","Ancillary ","FS 618","05-16-2017",59.020333,-138.398500,271,32.700000,"13:28",100,,,,,,,"N","N","N",59.018166,-138.441666,34.600000,"13:43",15.000000,1.344120,1.330000,1.344120,"1",,"Hard Bottom, Poor Scallop habitat, disclude from assessment?"
"2017","D08","2017D08118","118","Thomas Minio","Provider","58200","D","YAK","C","YAK5","Ancillary ","FU 620","05-16-2017",58.998333,-138.368500,129,34.300000,"14:08",105,4.800000,3,"3",,35.000000,34.400000,"N","N","N",58.984166,-138.334333,35.000000,"14:23",15.000000,1.359410,1.300000,1.359410,"1",,"Hard Bottom, Poor Scallop habitat, disclude from assessment?"
"2017","D08","2017D08119","119","Thomas Minio","Provider","58200","D","YAK","C","YAK5","Ancillary ","FV 621","05-16-2017",58.984666,-138.335000,129,35.000000,"14:47",105,4.400000,2,"3",,35.000000,34.500000,"N","N","N",58.969833,-138.304500,34.700000,"15:02",15.000000,1.300180,1.310000,1.300180,"1",,"Hard Bottom, Poor Scallop habitat, disclude from assessment?"
"2017","D08","2017D08122","122","Thomas Minio","Provider","58200","D","YAK","H","YAK5","Experimental","FR 615","05-16-2017",59.049833,-138.538500,117,60.900000,"16:38",180,4.900000,0,"2",,61.500000,60.900000,"N","N","N",59.038000,-138.498666,61.500000,"16:53",15.000000,1.423900,1.360000,1.423900,"1",,"Dredge Comparison # 1, retained counts and weights include discards for 15 foot drag"
"2017","D08","2017D08123","123","Thomas Minio","Provider","58200","D","YAK","C","YAK5","Experimental","FR 615","05-16-2017",59.050666,-138.540666,117,60.900000,"17:18",180,4.900000,2,"2",,61.800000,60.900000,"N","N","N",59.039500,-138.500000,61.800000,"17:33",15.000000,1.427010,1.340000,1.427010,"1",,"Dredge Comparison # 1, retained counts and weights include discards for 15 foot drag"
"2017","D08","2017D08124","124","Thomas Minio","Provider","58200","D","YAK","H","YAK2","Experimental","DL 492","05-17-2017",60.003333,-142.637333,98,43.900000,"07:45",130,4.800000,3,"3",,43.900000,42.000000,"N","N","N",60.001333,-142.587833,42.000000,"08:00",15.000000,1.494680,1.350000,1.350000,"1",,"Dredge Comparison # 2"
"2017","D08","2017D08125","125","Thomas Minio","Provider","58200","D","YAK","C","YAK2","Experimental","DL 492","05-17-2017",60.003333,-142.637000,96,43.800000,"08:23",130,4.900000,4,"3",,43.800000,41.800000,"N","N","N",60.001500,-142.589666,41.800000,"08:38",15.000000,1.428880,1.330000,1.428880,"1",,"Dredge Comparison # 2"
"2017","D08","2017D08126","126","Thomas Minio","Provider","58200","D","YAK","C","YAK2","Experimental","DM 491","05-17-2017",59.990166,-142.670333,100,49.400000,"09:10",150,4.800000,4,"3",,49.400000,48.200000,"N","N","N",59.985000,-142.624666,48.200000,"09:25",15.000000,1.409700,1.300000,1.409700,"1",,"Dredge Comparison # 3"
"2017","D08","2017D08127","127","Thomas Minio","Provider","58200","D","YAK","H","YAK2","Experimental","DM 491","05-17-2017",59.990833,-142.667500,106,48.500000,"09:51",150,4.800000,4,"3",,48.500000,48.200000,"N","N","N",59.983833,-142.622333,48.200000,"10:06",15.000000,1.423620,1.330000,1.423620,"1",,"Dredge Comparison # 3"
"2017","D08","2017D08128","128","Thomas Minio","Provider","58200","D","YAK","H","YAK2","Experimental","DN 493","05-17-2017",59.982000,-142.601333,107,47.400000,"10:23",145,4.800000,4,"4",,47.900000,47.400000,"N","N","N",59.973500,-142.553666,47.900000,"10:38",15.000000,1.523890,1.340000,1.340000,"1",,"Dredge Comparison # 4"
"2017","D08","2017D08129","129","Thomas Minio","Provider","58200","D","YAK","C","YAK2","Experimental","DN 493","05-17-2017",59.982000,-142.603000,108,47.900000,"11:02",145,4.800000,4,"4",,47.900000,47.700000,"N","N","N",59.974833,-142.558833,47.700000,"11:17",15.000000,1.398260,1.360000,1.398260,"1",,"Dredge Comparison # 4"
"2017","D08","2017D08130","130","Thomas Minio","Provider","58200","D","YAK","C","YAK2","Experimental","DL 494","05-17-2017",60.008166,-142.566833,113,38.200000,"11:42",115,5.000000,4,"5",,38.200000,38.100000,"N","N","N",60.000166,-142.524333,38.100000,"11:57",15.000000,1.366450,1.360000,1.366450,"1",,"Dredge Comparison # 5"
"2017","D08","2017D08131","131","Thomas Minio","Provider","58200","D","YAK","H","YAK2","Experimental","DL 494","05-17-2017",60.008333,-142.564500,118,37.600000,"12:23",115,4.900000,4,"5",,38.000000,37.600000,"N","N","N",59.999666,-142.526166,38.600000,"12:38",15.000000,1.265800,1.320000,1.265800,"1",,"Dredge Comparison # 5"
"2017","D08","2017D08132","132","Thomas Minio","Provider","58200","D","YAK","H","YAK2","Experimental","DN 496","05-17-2017",59.983333,-142.500333,116,41.400000,"12:56",125,4.800000,4,"5",,41.400000,40.900000,"N","N","N",59.973500,-142.459166,40.900000,"13:11",15.000000,1.373530,1.300000,1.373530,"1",,"Dredge Comparison # 6"
"2017","D08","2017D08133","133","Thomas Minio","Provider","58200","D","YAK","C","YAK2","Experimental","DN 496","05-17-2017",59.982833,-142.499333,116,41.800000,"13:30",125,4.800000,4,"5",,41.800000,41.400000,"N","N","N",59.973500,-142.458500,41.400000,"13:45",15.000000,1.351740,1.330000,1.351740,"1",,"Dredge Comparison # 6"
"2017","D08","2017D08134","134","Thomas Minio","Provider","58200","D","YAK","C","YAK2","Experimental","DO 496","05-17-2017",59.965000,-142.500000,118,46.400000,"14:06",135,4.800000,4,"5",,46.900000,44.700000,"N","N","N",59.956833,-142.457666,44.700000,"14:21",15.000000,1.366860,1.310000,1.366860,"1",,"Dredge Comparison # 7"
"2017","D08","2017D08135","135","Thomas Minio","Provider","58200","D","YAK","H","YAK2","Experimental","DO 496","05-17-2017",59.963833,-142.497333,113,46.700000,"14:49",135,4.800000,4,"5",,46.700000,44.500000,"N","N","N",59.956833,-142.456500,44.500000,"15:04",15.000000,1.300450,1.330000,1.300450,"1",,"Dredge Comparison # 7"
"2017","D08","2017D08136","136","Thomas Minio","Provider","58200","D","YAK","H","YAK2","Experimental","DN 493","05-17-2017",59.976000,-142.568500,284,48.600000,"15:35",145,4.800000,3,"5",,48.600000,47.800000,"N","N","N",59.982833,-142.608166,47.800000,"15:50",15.000000,1.263310,1.330000,1.263310,"1",,"Dredge Comparison # 8"
"2017","D08","2017D08137","137","Thomas Minio","Provider","58200","D","YAK","C","YAK2","Experimental","DN 493","05-17-2017",59.975166,-142.566000,285,48.600000,"16:11",145,4.800000,3,"5",,48.600000,48.400000,"N","N","N",59.982666,-142.608333,48.400000,"16:26",15.000000,1.352360,1.320000,1.352360,"1",,"Dredge Comparison # 8"
"2017","D08","2017D08138","138","Thomas Minio","Provider","58200","D","YAK","C","YAK2","Experimental","DL 492","05-17-2017",60.002666,-142.635000,99,44.400000,"16:46",130,4.800000,3,"5",,44.400000,42.300000,"N","N","N",60.000666,-142.591166,42.300000,"17:01",15.000000,1.324770,1.330000,1.324770,"1",,"Dredge Comparison # 9"
"2017","D08","2017D08139","139","Thomas Minio","Provider","58200","D","YAK","H","YAK2","Experimental","DL 492","05-17-2017",60.002833,-142.639833,98,44.100000,"17:32",,4.800000,3,"3",,44.100000,42.700000,"N","N","N",60.000666,-142.591666,42.700000,"17:47",15.000000,1.455570,1.320000,1.320000,"1",,"Dredge Comparison # 9"
"2017","D08","2017D08140","140","Thomas Minio","Provider","58200","D","YAK","H","YAK2","Experimental","DL 494","05-17-2017",60.009666,-142.569166,119,38.600000,"18:11",115,4.900000,2,"3",,39.700000,38.600000,"N","N","N",59.999666,-142.529500,39.700000,"18:26",15.000000,1.336530,1.340000,1.336530,"1",,"Dredge Comparison # 10"
"2017","D08","2017D08141","141","Thomas Minio","Provider","58200","D","YAK","C","YAK2","Experimental","DL 494","05-17-2017",60.010333,-142.571333,111,38.800000,"18:46",115,4.900000,2,"3",,39.900000,38.800000,"N","N","N",60.000333,-142.530833,39.900000,"19:01",15.000000,1.358950,1.310000,1.358950,"1",,"Dredge Comparison # 10"